Date,EloRating
2023-01-11,842
2023-01-11,852
2023-01-11,849
2023-01-11,855
2023-01-11,842
2023-01-11,848
2023-01-11,838
2023-01-11,863
2023-01-12,884
2023-01-12,884
2023-01-12,877
2023-01-12,893
2023-01-12,878
2023-01-12,907
2023-01-12,901
2023-01-12,903
2023-01-12,911
2023-01-12,896
2023-01-12,904
2023-01-12,900
2023-01-12,885
2023-01-12,859
2023-01-12,886
2023-01-12,895
2023-01-12,886
2023-01-12,896
2023-01-12,904
2023-01-12,895
2023-01-12,889
2023-01-12,895
2023-01-12,902
2023-01-12,912
2023-01-12,903
2023-01-12,894
2023-01-12,902
2023-01-12,893
2023-01-12,895
2023-01-12,896
2023-01-12,867
2023-01-12,882
2023-01-12,887
2023-01-12,922
2023-01-12,930
2023-01-12,923
2023-01-12,917
2023-01-12,876
2023-01-12,932
2023-01-12,924
2023-01-12,883
2023-01-12,915
2023-01-12,915
2023-01-12,906
2023-01-12,897
2023-01-12,889
2023-01-12,882
2023-01-12,873
2023-01-12,865
2023-01-12,856
2023-01-12,849
2023-01-12,924
2023-01-12,892
2023-01-12,926
2023-01-12,891
2023-01-12,846
2023-01-12,855
2023-01-12,862
2023-01-12,870
2023-01-12,880
2023-01-12,889
2023-01-12,882
2023-01-12,876
2023-01-12,884
2023-01-12,877
2023-01-12,893
2023-01-12,870
2023-01-12,879
2023-01-12,888
2023-01-12,880
2023-01-12,886
2023-01-12,894
2023-01-12,885
2023-01-12,901
2023-01-12,886
2023-01-12,900
2023-01-13,937
2023-01-13,943
2023-01-13,933
2023-01-13,924
2023-01-13,917
2023-01-13,926
2023-01-13,920
2023-01-13,912
2023-01-13,903
2023-01-13,895
2023-01-13,929
2023-01-14,872
2023-01-14,880
2023-01-14,890
2023-01-14,896
2023-01-14,887
2023-01-14,903
2023-01-14,911
2023-01-14,894
2023-01-14,903
2023-01-14,904
2023-01-14,879
2023-01-14,954
2023-01-14,962
2023-01-14,968
2023-01-14,962
2023-01-14,969
2023-01-14,963
2023-01-14,945
2023-01-14,936
2023-01-14,943
2023-01-14,936
2023-01-14,941
2023-01-14,926
2023-01-14,916
2023-01-14,906
2023-01-14,897
2023-01-14,935
2023-01-14,898
2023-01-14,889
2023-01-14,879
2023-01-14,886
2023-01-14,906
2023-01-14,901
2023-01-14,910
2023-01-14,891
2023-01-14,925
2023-01-14,916
2023-01-14,909
2023-01-14,915
2023-01-14,906
2023-01-14,919
2023-01-15,933
2023-01-15,909
2023-01-15,927
2023-01-15,919
2023-01-15,912
2023-01-15,918
2023-01-15,910
2023-01-15,903
2023-01-15,900
2023-01-15,934
2023-01-15,922
2023-01-15,915
2023-01-15,913
2023-01-15,905
2023-01-15,914
2023-01-15,908
2023-01-15,917
2023-01-15,908
2023-01-15,940
2023-01-15,929
2023-01-15,945
2023-01-15,891
2023-01-15,906
2023-01-15,926
2023-01-15,935
2023-01-15,928
2023-01-15,936
2023-01-15,945
2023-01-15,952
2023-01-15,962
2023-01-15,970
2023-01-15,938
2023-01-15,977
2023-01-15,975
2023-01-15,984
2023-01-15,977
2023-01-15,977
2023-01-15,970
2023-01-15,900
2023-01-15,925
2023-01-15,915
2023-01-15,985
2023-01-16,952
2023-01-16,958
2023-01-16,941
2023-01-16,934
2023-01-16,907
2023-01-16,914
2023-01-16,905
2023-01-16,915
2023-01-16,909
2023-01-16,901
2023-01-16,895
2023-01-16,903
2023-01-16,911
2023-01-16,917
2023-01-16,924
2023-01-16,932
2023-01-16,926
2023-01-16,933
2023-01-16,941
2023-01-16,950
2023-01-16,962
2023-01-16,924
2023-01-16,936
2023-01-16,927
2023-01-16,919
2023-01-16,925
2023-01-16,918
2023-01-16,914
2023-01-16,931
2023-01-16,936
2023-01-16,929
2023-01-16,920
2023-01-16,926
2023-01-16,934
2023-01-16,926
2023-01-16,941
2023-01-16,958
2023-01-16,964
2023-01-16,973
2023-01-16,955
2023-01-16,949
2023-01-16,939
2023-01-16,930
2023-01-16,936
2023-01-16,943
2023-01-16,949
2023-01-16,942
2023-01-16,950
2023-01-16,923
2023-01-16,940
2023-01-17,960
2023-01-17,976
2023-01-17,970
2023-01-17,963
2023-01-17,956
2023-01-17,950
2023-01-17,947
2023-01-17,954
2023-01-17,945
2023-01-17,951
2023-01-17,951
2023-01-17,943
2023-01-17,949
2023-01-17,939
2023-01-17,931
2023-01-17,932
2023-01-17,923
2023-01-17,916
2023-01-17,942
2023-01-17,948
2023-01-17,955
2023-01-17,947
2023-01-17,940
2023-01-17,948
2023-01-17,959
2023-01-17,947
2023-01-17,950
2023-01-17,944
2023-01-17,935
2023-01-17,925
2023-01-17,919
2023-01-17,910
2023-01-17,956
2023-01-17,967
2023-01-17,968
2023-01-17,982
2023-01-17,950
2023-01-17,941
2023-01-17,950
2023-01-17,941
2023-01-17,935
2023-01-17,958
2023-01-17,973
2023-01-17,975
2023-01-17,992
2023-01-17,1000
2023-01-17,1007
2023-01-17,1000
2023-01-17,990
2023-01-17,981
2023-01-17,1008
2023-01-17,998
2023-01-17,1006
2023-01-17,989
2023-01-17,990
2023-01-17,982
2023-01-17,999
2023-01-17,990
2023-01-17,999
2023-01-18,964
2023-01-18,972
2023-01-18,906
2023-01-18,915
2023-01-18,924
2023-01-18,982
2023-01-18,923
2023-01-18,932
2023-01-18,942
2023-01-18,952
2023-01-18,961
2023-01-18,952
2023-01-18,942
2023-01-18,948
2023-01-18,954
2023-01-18,931
2023-01-18,990
2023-01-18,865
2023-01-18,990
2023-01-18,976
2023-01-18,984
2023-01-18,993
2023-01-18,984
2023-01-18,977
2023-01-18,967
2023-01-18,975
2023-01-18,968
2023-01-18,967
2023-01-18,957
2023-01-18,964
2023-01-18,971
2023-01-18,965
2023-01-18,966
2023-01-18,960
2023-01-18,967
2023-01-18,974
2023-01-18,983
2023-01-18,990
2023-01-18,897
2023-01-18,983
2023-01-18,982
2023-01-18,889
2023-01-18,967
2023-01-18,890
2023-01-18,881
2023-01-18,877
2023-01-18,870
2023-01-18,879
2023-01-18,884
2023-01-18,879
2023-01-18,883
2023-01-18,890
2023-01-18,881
2023-01-18,890
2023-01-18,976
2023-01-18,873
2023-01-18,881
2023-01-18,871
2023-01-18,865
2023-01-18,875
2023-01-18,867
2023-01-18,875
2023-01-18,883
2023-01-19,874
2023-01-19,865
2023-01-19,875
2023-01-19,881
2023-01-19,874
2023-01-19,865
2023-01-19,874
2023-01-19,864
2023-01-19,870
2023-01-19,867
2023-01-19,874
2023-01-19,873
2023-01-19,887
2023-01-19,881
2023-01-19,902
2023-01-19,912
2023-01-19,919
2023-01-19,910
2023-01-19,880
2023-01-19,928
2023-01-19,921
2023-01-19,894
2023-01-19,914
2023-01-19,881
2023-01-19,918
2023-01-19,933
2023-01-19,865
2023-01-19,897
2023-01-19,896
2023-01-19,870
2023-01-19,863
2023-01-19,894
2023-01-19,854
2023-01-19,849
2023-01-19,904
2023-01-19,871
2023-01-19,864
2023-01-19,897
2023-01-19,874
2023-01-19,903
2023-01-19,903
2023-01-19,910
2023-01-19,858
2023-01-19,917
2023-01-19,925
2023-01-19,924
2023-01-19,918
2023-01-19,909
2023-01-19,902
2023-01-19,863
2023-01-19,872
2023-01-19,911
2023-01-19,886
2023-01-20,927
2023-01-20,937
2023-01-20,938
2023-01-20,1024
2023-01-20,1033
2023-01-20,930
2023-01-20,920
2023-01-20,910
2023-01-20,917
2023-01-20,910
2023-01-20,929
2023-01-20,920
2023-01-20,919
2023-01-20,929
2023-01-20,935
2023-01-20,943
2023-01-20,953
2023-01-20,945
2023-01-20,937
2023-01-20,943
2023-01-20,926
2023-01-20,935
2023-01-20,927
2023-01-20,1008
2023-01-20,943
2023-01-20,950
2023-01-20,958
2023-01-20,951
2023-01-20,944
2023-01-20,952
2023-01-20,960
2023-01-20,966
2023-01-20,972
2023-01-20,979
2023-01-20,971
2023-01-20,963
2023-01-20,971
2023-01-20,963
2023-01-20,968
2023-01-20,976
2023-01-20,983
2023-01-20,990
2023-01-20,998
2023-01-20,921
2023-01-20,935
2023-01-20,1024
2023-01-20,1009
2023-01-20,1045
2023-01-20,1033
2023-01-20,1025
2023-01-20,1018
2023-01-20,1028
2023-01-20,1036
2023-01-20,1044
2023-01-20,1036
2023-01-20,1029
2023-01-20,1037
2023-01-20,1029
2023-01-20,1039
2023-01-20,1045
2023-01-20,1053
2023-01-20,1062
2023-01-20,1056
2023-01-20,1065
2023-01-20,1058
2023-01-20,1051
2023-01-20,1039
2023-01-20,1030
2023-01-20,1037
2023-01-20,1043
2023-01-20,1002
2023-01-20,993
2023-01-20,999
2023-01-20,991
2023-01-20,984
2023-01-20,984
2023-01-20,992
2023-01-20,999
2023-01-20,1017
2023-01-20,1007
2023-01-20,991
2023-01-20,998
2023-01-20,990
2023-01-20,983
2023-01-20,990
2023-01-20,1014
2023-01-20,1020
2023-01-20,1026
2023-01-20,1034
2023-01-20,1000
2023-01-21,979
2023-01-21,987
2023-01-21,972
2023-01-21,987
2023-01-21,981
2023-01-21,978
2023-01-21,970
2023-01-21,978
2023-01-21,981
2023-01-21,983
2023-01-21,991
2023-01-21,1001
2023-01-21,1007
2023-01-21,999
2023-01-21,993
2023-01-21,987
2023-01-21,990
2023-01-21,980
2023-01-21,973
2023-01-21,964
2023-01-21,972
2023-01-21,964
2023-01-21,973
2023-01-21,965
2023-01-21,971
2023-01-21,962
2023-01-21,972
2023-01-21,971
2023-01-21,964
2023-01-21,1000
2023-01-21,962
2023-01-21,957
2023-01-21,947
2023-01-21,953
2023-01-21,960
2023-01-21,961
2023-01-21,969
2023-01-21,964
2023-01-21,954
2023-01-21,960
2023-01-21,955
2023-01-21,967
2023-01-21,954
2023-01-21,963
2023-01-21,971
2023-01-21,961
2023-01-21,969
2023-01-21,978
2023-01-21,971
2023-01-21,979
2023-01-21,970
2023-01-21,961
2023-01-22,1113
2023-01-22,1099
2023-01-22,1107
2023-01-22,1106
2023-01-22,990
2023-01-22,973
2023-01-22,981
2023-01-22,1102
2023-01-22,1109
2023-01-22,1095
2023-01-24,980
2023-01-24,988
2023-01-24,980
2023-01-24,981
2023-01-24,988
2023-01-24,981
2023-01-24,989
2023-01-24,995
2023-01-24,988
2023-01-24,973
2023-01-25,937
2023-01-26,975
2023-01-26,997
2023-01-26,967
2023-01-26,973
2023-01-26,980
2023-01-26,1010
2023-01-26,988
2023-01-26,986
2023-01-26,994
2023-01-26,1000
2023-01-26,958
2023-01-26,994
2023-01-26,994
2023-01-26,1002
2023-01-26,993
2023-01-26,1000
2023-01-26,994
2023-01-26,984
2023-01-26,977
2023-01-26,984
2023-01-26,985
2023-01-26,991
2023-01-26,982
2023-01-26,979
2023-01-26,981
2023-01-26,990
2023-01-26,997
2023-01-26,1006
2023-01-26,1015
2023-01-26,1006
2023-01-26,998
2023-01-26,966
2023-01-26,974
2023-01-26,979
2023-01-26,988
2023-01-26,989
2023-01-26,970
2023-01-26,980
2023-01-27,1035
2023-01-27,1066
2023-01-27,1057
2023-01-27,1048
2023-01-27,1055
2023-01-27,1048
2023-01-27,1054
2023-01-27,1049
2023-01-27,1042
2023-01-27,1044
2023-01-27,1082
2023-01-27,1038
2023-01-27,1029
2023-01-27,1021
2023-01-27,1012
2023-01-27,1004
2023-01-27,1012
2023-01-27,1019
2023-01-27,1012
2023-01-27,1007
2023-01-27,1000
2023-01-27,993
2023-01-27,999
2023-01-27,989
2023-01-27,982
2023-01-27,1075
2023-01-27,1082
2023-01-27,1061
2023-01-27,1086
2023-01-27,1045
2023-01-27,1055
2023-01-27,1092
2023-01-27,1046
2023-01-27,1055
2023-01-27,1070
2023-01-27,1061
2023-01-27,1054
2023-01-27,1063
2023-01-27,1072
2023-01-27,1080
2023-01-27,1053
2023-01-27,1088
2023-01-27,1099
2023-01-27,1092
2023-01-27,1101
2023-01-27,1109
2023-01-27,1102
2023-01-27,1094
2023-01-27,1086
2023-01-27,1074
2023-01-28,1080
2023-01-28,1073
2023-01-28,1066
2023-01-28,1059
2023-01-28,1052
2023-01-28,1059
2023-01-28,1051
2023-01-28,1073
2023-01-28,1053
2023-01-28,1045
2023-01-28,1045
2023-01-29,1061
2023-01-29,1062
2023-01-29,1052
2023-01-29,1061
2023-01-29,1067
2023-01-29,1075
2023-01-29,1082
2023-01-29,1070
2023-01-29,1059
2023-02-02,1016
2023-02-02,1034
2023-02-02,1022
2023-02-02,1013
2023-02-02,1021
2023-02-02,1014
2023-02-02,1008
2023-02-02,1001
2023-02-02,1009
2023-02-02,1018
2023-02-02,1009
2023-02-02,1002
2023-02-02,1010
2023-02-02,1020
2023-02-02,1020
2023-02-02,1026
2023-02-02,1034
2023-02-02,1027
2023-02-02,1024
2023-02-02,1034
2023-02-02,1025
2023-02-02,1033
2023-02-02,1053
2023-02-02,1043
2023-02-02,1052
2023-02-02,1062
2023-02-02,1025
2023-02-02,1071
2023-02-02,1062
2023-02-02,1043
2023-02-02,1054
2023-02-02,1039
2023-02-02,1046
2023-02-02,1039
2023-02-02,1046
2023-02-02,1037
2023-02-02,1036
2023-02-02,1043
2023-02-02,1046
2023-02-02,1037
2023-02-03,1007
2023-02-03,1014
2023-02-03,1007
2023-02-03,1012
2023-02-03,1024
2023-02-03,1018
2023-02-03,1033
2023-02-03,1038
2023-02-03,1021
2023-02-03,1031
2023-02-03,1031
2023-02-03,1032
2023-02-03,1024
2023-02-03,1039
2023-02-04,1009
2023-02-04,1018
2023-02-04,1027
2023-02-04,1021
2023-02-04,1009
2023-02-04,1001
2023-02-04,995
2023-02-04,1004
2023-02-04,1013
2023-02-04,1020
2023-02-04,1018
2023-02-05,1035
2023-02-05,1033
2023-02-05,1024
2023-02-05,1033
2023-02-05,1044
2023-02-05,1044
2023-02-05,1033
2023-02-05,1017
2023-02-05,1038
2023-02-05,1032
2023-02-05,1022
2023-02-05,1030
2023-02-05,1020
2023-02-05,1012
2023-02-05,1002
2023-02-05,993
2023-02-05,1043
2023-02-05,984
2023-02-05,1000
2023-02-05,1007
2023-02-05,1051
2023-02-05,1041
2023-02-05,1039
2023-02-05,1024
2023-02-05,1016
2023-02-05,1010
2023-02-05,993
2023-02-05,1048
2023-02-06,1017
2023-02-06,1016
2023-02-06,1025
2023-02-06,1026
2023-02-06,1034
2023-02-06,1026
2023-02-06,1034
2023-02-06,1041
2023-02-06,1033
2023-02-07,1004
2023-02-07,1012
2023-02-07,1003
2023-02-07,1010
2023-02-07,1003
2023-02-07,1010
2023-02-07,1020
2023-02-07,1053
2023-02-07,1037
2023-02-07,1046
2023-02-07,1006
2023-02-07,1046
2023-02-07,1039
2023-02-07,1028
2023-02-07,1012
2023-02-07,1010
2023-02-07,1000
2023-02-07,993
2023-02-07,1001
2023-02-07,993
2023-02-08,1016
2023-02-10,978
2023-02-10,971
2023-02-10,980
2023-02-10,973
2023-02-10,981
2023-02-10,990
2023-02-10,999
2023-02-10,1008
2023-02-11,995
2023-02-11,1005
2023-02-11,991
2023-02-11,999
2023-02-11,1008
2023-02-11,1012
2023-02-11,1009
2023-02-11,1001
2023-02-11,993
2023-02-11,987
2023-02-11,1016
2023-02-11,1004
2023-02-11,1062
2023-02-11,1028
2023-02-11,978
2023-02-11,1069
2023-02-11,1062
2023-02-11,1052
2023-02-11,1046
2023-02-11,1038
2023-02-11,1045
2023-02-11,1053
2023-02-11,1044
2023-02-11,1034
2023-02-11,1043
2023-02-11,1042
2023-02-11,1036
2023-02-11,1029
2023-02-11,1020
2023-02-11,1027
2023-02-11,1036
2023-02-11,1021
2023-02-11,972
2023-02-11,997
2023-02-12,1062
2023-02-12,1052
2023-02-13,1072
2023-02-13,1060
2023-02-13,1078
2023-02-13,1071
2023-02-13,1081
2023-02-13,1072
2023-02-13,1068
2023-02-13,1079
2023-02-13,1086
2023-02-13,1078
2023-02-15,1048
2023-02-15,1043
2023-02-15,1039
2023-02-15,1029
2023-02-15,1059
2023-02-15,1068
2023-02-15,1050
2023-02-15,1058
2023-02-15,1052
2023-02-15,1062
2023-02-15,1071
2023-02-15,1080
2023-02-15,1089
2023-02-15,1049
2023-02-15,1080
2023-02-16,1036
2023-02-19,1042
2023-02-19,1035
2023-02-20,1028
2023-02-20,1035
2023-02-20,1038
2023-02-20,1045
2023-02-20,1053
2023-02-20,1044
2023-02-20,1029
2023-02-21,1038
2023-02-21,1047
2023-02-21,1054
2023-02-21,1063
2023-02-22,1032
2023-02-22,1038
2023-02-22,1046
2023-02-22,1053
2023-02-22,1047
2023-02-22,1057
2023-02-22,1051
2023-02-22,1067
2023-02-22,1074
2023-02-22,1067
2023-02-22,1062
2023-02-22,1062
2023-02-22,1070
2023-02-22,1059
2023-02-22,1071
2023-02-23,1041
2023-02-23,1050
2023-02-23,1049
2023-02-23,1039
2023-02-23,1038
2023-02-23,1028
2023-02-24,1040
2023-02-24,1031
2023-02-24,1020
2023-02-24,1034
2023-02-24,1025
2023-02-24,1015
2023-02-25,1019
2023-02-25,1022
2023-02-25,1025
2023-02-25,1016
2023-02-25,1024
2023-02-25,1014
2023-02-25,1012
2023-02-25,1004
2023-02-25,1013
2023-02-25,1020
2023-02-26,1031
2023-02-26,1028
2023-02-26,1029
2023-02-26,1032
2023-02-26,1037
2023-02-26,1023
2023-02-26,1030
2023-02-26,1037
2023-02-26,1023
2023-02-26,1008
2023-02-26,1030
2023-02-26,1022
2023-02-26,1015
2023-02-27,1014
2023-02-27,1076
2023-02-27,1069
2023-02-27,1069
2023-02-27,1062
2023-02-27,1064
2023-02-27,1073
2023-02-27,1080
2023-02-27,1070
2023-02-27,1070
2023-02-27,1074
2023-02-27,1065
2023-02-27,1049
2023-02-27,1057
2023-02-27,1041
2023-02-27,1034
2023-02-27,1028
2023-02-27,1022
2023-02-27,1015
2023-02-27,1005
2023-02-27,999
2023-02-27,1000
2023-02-27,1009
2023-02-27,1015
2023-02-27,1005
2023-02-27,1065
2023-02-27,1006
2023-02-27,1076
2023-02-27,1077
2023-02-27,1083
2023-02-27,1092
2023-02-27,1082
2023-02-27,1070
2023-03-01,1112
2023-03-01,1104
2023-03-01,1112
2023-03-01,1107
2023-03-01,1116
2023-03-01,1072
2023-03-01,1100
2023-03-01,1108
2023-03-01,1072
2023-03-01,1063
2023-03-01,1086
2023-03-01,1093
2023-03-01,1079
2023-03-02,1120
2023-03-02,1112
2023-03-02,1111
2023-03-02,1112
2023-03-02,1105
2023-03-03,1129
2023-03-03,1124
2023-03-03,1118
2023-03-03,1127
2023-03-03,1121
2023-03-03,1122
2023-03-03,1123
2023-03-03,1124
2023-03-03,1131
2023-03-03,1130
2023-03-03,1140
2023-03-03,1132
2023-03-03,1123
2023-03-03,1131
2023-03-03,1114
2023-03-03,1132
2023-03-03,1122
2023-03-03,1129
2023-03-03,1119
2023-03-03,1116
2023-03-03,1123
2023-03-04,1115
2023-03-04,1124
2023-03-04,1112
2023-03-04,1111
2023-03-04,1119
2023-03-04,1112
2023-03-05,1101
2023-03-05,1092
2023-03-05,1100
2023-03-05,1093
2023-03-06,1073
2023-03-06,1068
2023-03-06,1070
2023-03-06,1082
2023-03-06,1064
2023-03-07,1022
2023-03-07,991
2023-03-07,999
2023-03-07,1006
2023-03-07,1015
2023-03-07,1059
2023-03-07,1033
2023-03-07,1042
2023-03-07,1050
2023-03-07,1053
2023-03-07,1058
2023-03-07,1025
2023-03-07,1060
2023-03-08,1016
2023-03-08,1070
2023-03-08,983
2023-03-08,1078
2023-03-08,1053
2023-03-08,1062
2023-03-08,1050
2023-03-08,1062
2023-03-08,1070
2023-03-08,1056
2023-03-08,1010
2023-03-08,1001
2023-03-08,992
2023-03-08,1040
2023-03-08,1033
2023-03-08,1023
2023-03-08,1004
2023-03-08,1010
2023-03-13,1039
2023-03-13,1046
2023-03-14,1117
2023-03-14,1108
2023-03-14,1103
2023-03-14,1096
2023-03-14,1086
2023-03-14,1095
2023-03-14,1079
2023-03-14,1073
2023-03-14,1048
2023-03-14,1056
2023-03-14,1049
2023-03-14,1057
2023-03-14,1065
2023-03-14,1111
2023-03-14,1086
2023-03-16,1117
2023-03-16,1119
2023-03-16,1109
2023-03-17,1111
2023-03-17,1103
2023-03-17,1113
2023-03-19,1109
2023-03-19,1101
2023-03-19,1094
2023-03-19,1103
2023-03-19,1111
2023-03-19,1101
2023-03-21,1092
2023-03-21,1084
2023-03-22,1078
2023-03-22,1069
2023-03-23,1046
2023-03-23,1052
2023-03-23,1061
2023-03-23,1061
2023-03-23,1068
2023-03-23,1054
2023-03-23,1070
2023-03-23,1062
2023-03-23,1069
2023-03-23,1077
2023-03-23,1061
2023-03-24,1075
2023-03-24,1094
2023-03-24,1084
2023-03-24,1090
2023-03-24,1074
2023-03-24,1065
2023-03-24,1080
2023-03-24,1051
2023-03-24,1061
2023-03-24,1051
2023-03-24,1057
2023-03-24,1058
2023-03-24,1052
2023-03-24,1086
2023-03-25,1076
2023-03-25,1084
2023-03-25,1077
2023-03-27,1063
2023-03-27,1069
2023-03-29,1070
2023-03-29,1079
2023-03-29,1070
2023-04-05,1073
2023-04-05,1064
2023-04-09,1081
2023-04-10,1088
2023-04-10,1081
2023-04-11,1060
2023-04-11,1066
2023-04-11,1074
2023-04-11,1074
2023-04-11,1083
2023-04-12,1066
2023-04-13,1068
2023-04-13,1075
2023-04-13,1075
2023-04-13,1066
2023-04-14,1057
2023-04-15,1050
2023-04-16,1078
2023-04-16,1052
2023-04-16,1059
2023-04-16,1067
2023-04-16,1089
2023-04-16,1081
2023-04-16,1072
2023-04-18,1071
2023-04-19,1047
2023-04-19,1056
2023-04-19,1065
2023-04-19,1072
2023-04-19,1079
2023-04-19,1038
2023-04-20,1047
2023-04-20,1060
2023-04-20,1067
2023-04-20,1054
2023-04-20,1056
2023-04-21,1046
2023-04-23,1039
2023-04-24,1030
2023-04-25,1053
2023-04-25,1047
2023-04-25,1044
2023-04-25,1036
2023-04-26,1037
2023-04-28,1059
2023-04-28,1052
2023-04-28,1044
2023-04-29,1042
2023-04-29,1051
2023-04-30,1040
2023-04-30,1034
2023-04-30,1026
2023-04-30,1032
2023-04-30,1032
2023-05-02,1030
2023-05-02,1024
2023-05-02,1024
2023-05-04,1014
2023-05-05,1015
2023-05-05,1022
2023-05-06,1023
2023-05-06,1023
2023-05-08,1064
2023-05-08,1058
2023-05-08,1049
2023-05-08,1041
2023-05-08,1031
2023-05-08,1050
2023-05-08,1031
2023-05-08,1057
2023-05-08,1025
2023-05-08,1050
2023-05-08,1042
2023-05-08,1035
2023-05-08,1057
2023-05-20,1036
2023-05-20,1021
2023-05-20,1028
2023-05-21,1002
2023-05-21,1012
2023-05-24,1008
2023-05-25,989
2023-05-25,996
2023-05-25,1004
2023-05-25,1014
2023-05-25,994
2023-05-25,998
2023-05-25,1006
2023-05-27,1003
2023-05-29,997
2023-05-30,998
2023-05-30,1007
2023-05-31,1001
2023-05-31,994
2023-05-31,984
2023-05-31,976
2023-05-31,984
2023-05-31,1000
2023-05-31,993
2023-05-31,991
2023-06-05,1000
2023-06-05,1010
2023-06-05,1003
2023-06-08,993
2023-06-09,971
2023-06-09,981
2023-06-09,990
2023-06-09,983
2023-06-14,982
2023-06-14,989
2023-06-14,971
2023-06-14,979
2023-06-14,973
2023-06-14,981
2023-06-14,978
2023-06-14,976
2023-06-14,970
2023-06-14,982
2023-06-14,985
2023-06-14,981
2023-06-14,982
2023-06-14,982
2023-06-15,961
2023-06-15,969
2023-06-15,969
2023-06-15,969
2023-06-15,978
2023-06-15,986
2023-06-15,977
2023-06-23,978
2023-06-28,959
2023-06-28,967
2023-06-28,968
2023-06-29,966
2023-06-29,974
2023-06-29,967
2023-06-29,970
2023-06-29,972
2023-06-29,965
2023-06-29,958
2023-06-29,960
2023-06-29,953
2023-06-29,950
2023-06-29,956
2023-06-29,949
2023-06-29,943
2023-06-29,933
2023-06-29,939
2023-06-29,948
2023-06-29,954
2023-06-29,946
2023-06-29,962
2023-06-29,954
2023-07-01,971
2023-07-01,978
2023-07-01,985
2023-07-01,991
2023-07-01,1017
2023-07-01,1003
2023-07-01,1008
2023-07-01,1008
2023-07-01,997
2023-07-01,954
2023-07-01,963
2023-07-01,941
2023-07-01,947
2023-07-01,939
2023-07-01,933
2023-07-01,947
2023-07-01,938
2023-07-01,931
2023-07-01,940
2023-07-01,948
2023-07-02,1025
2023-07-02,1017
2023-07-02,1008
2023-07-02,1000
2023-07-02,1018
2023-07-02,1001
2023-07-02,1007
2023-07-03,1001
2023-07-03,995
2023-07-03,1003
2023-07-03,1012
2023-07-03,1020
2023-07-03,1028
2023-07-03,1036
2023-07-03,1008
2023-07-03,1030
2023-07-03,1007
2023-07-03,1024
2023-07-03,1015
2023-07-05,998
2023-07-05,991
2023-07-05,998
2023-07-05,1004
2023-07-05,1010
2023-07-06,1001
2023-07-06,1007
2023-07-06,1022
2023-07-06,1032
2023-07-06,1038
2023-07-06,1045
2023-07-06,1013
2023-07-06,1053
2023-07-06,1063
2023-07-06,1070
2023-07-06,1061
2023-07-06,1053
2023-07-06,1064
2023-07-06,1054
2023-07-06,1063
2023-07-06,1058
2023-07-06,1055
2023-07-06,1044
2023-07-07,1085
2023-07-07,1090
2023-07-07,1072
2023-07-07,1064
2023-07-07,1056
2023-07-07,1048
2023-07-07,1080
2023-07-08,1052
2023-07-08,1047
2023-07-08,1041
2023-07-08,1048
2023-07-08,1055
2023-07-08,1046
2023-07-08,1037
2023-07-08,1046
2023-07-08,1057
2023-07-08,1065
2023-07-08,1073
2023-07-08,1080
2023-07-08,1071
2023-07-08,1063
2023-07-08,1078
2023-07-08,1037
2023-07-08,1071
2023-07-08,1066
2023-07-08,1055
2023-07-08,1047
2023-07-08,1037
2023-07-08,1058
2023-07-09,972
2023-07-09,980
2023-07-09,986
2023-07-09,993
2023-07-09,984
2023-07-09,975
2023-07-09,986
2023-07-09,996
2023-07-09,987
2023-07-09,995
2023-07-09,987
2023-07-09,988
2023-07-09,1031
2023-07-09,1037
2023-07-09,979
2023-07-09,1022
2023-07-09,1014
2023-07-09,1031
2023-07-09,1001
2023-07-09,991
2023-07-09,1000
2023-07-09,994
2023-07-09,1008
2023-07-10,954
2023-07-10,960
2023-07-10,952
2023-07-10,942
2023-07-10,949
2023-07-10,926
2023-07-10,935
2023-07-10,941
2023-07-10,963
2023-07-10,932
2023-07-10,953
2023-07-10,945
2023-07-11,946
2023-07-11,938
2023-07-11,947
2023-07-12,929
2023-07-12,931
2023-07-12,938
2023-07-12,936
2023-07-12,938
2023-07-12,945
2023-07-12,946
2023-07-12,940
2023-07-12,930
2023-07-12,932
2023-07-13,964
2023-07-13,954
2023-07-13,947
2023-07-13,940
2023-07-13,947
2023-07-13,954
2023-07-13,946
2023-07-13,937
2023-07-13,938
2023-07-13,955
2023-07-14,953
2023-07-14,946
2023-07-14,951
2023-07-15,958
2023-07-15,980
2023-07-15,972
2023-07-15,965
2023-07-15,980
2023-07-15,966
2023-07-15,974
2023-07-15,972
2023-07-15,965
2023-07-15,973
2023-07-15,986
2023-07-16,957
2023-07-16,972
2023-07-16,963
2023-07-16,955
2023-07-16,948
2023-07-16,943
2023-07-16,951
2023-07-16,957
2023-07-16,964
2023-07-16,948
2023-07-16,965
2023-07-16,958
2023-07-16,958
2023-07-16,965
2023-07-16,975
2023-07-16,985
2023-07-16,995
2023-07-16,1002
2023-07-16,958
2023-07-17,1000
2023-07-19,964
2023-07-19,966
2023-07-19,973
2023-07-19,980
2023-07-19,971
2023-07-19,983
2023-07-19,972
2023-07-19,981
2023-07-19,974
2023-07-19,990
2023-07-19,978
2023-07-19,973
2023-07-19,965
2023-07-20,1009
2023-07-20,981
2023-07-20,972
2023-07-20,988
2023-07-20,998
2023-07-20,992
2023-07-20,989
2023-07-20,1002
2023-07-20,982
2023-07-20,987
2023-07-20,980
2023-07-20,1037
2023-07-20,1030
2023-07-20,1024
2023-07-20,1023
2023-07-20,1016
2023-07-21,1060
2023-07-21,1052
2023-07-21,1044
2023-07-21,1068
2023-07-21,1070
2023-07-22,1075
2023-07-22,1083
2023-07-22,1070
2023-07-22,1064
2023-07-22,1072
2023-07-22,1074
2023-07-23,1102
2023-07-23,1093
2023-07-23,1092
2023-07-23,1101
2023-07-23,1092
2023-07-23,1098
2023-07-23,1085
2023-07-23,1098
2023-07-23,1091
2023-07-23,1092
2023-07-23,1105
2023-07-23,1093
2023-07-23,1084
2023-07-23,1074
2023-07-23,1080
2023-07-23,1085
2023-07-24,1094
2023-07-24,1077
2023-07-24,1094
2023-07-24,1092
2023-07-24,1084
2023-07-24,1077
2023-07-24,1069
2023-07-24,1076
2023-07-24,1067
2023-07-24,1083
2023-07-24,1087
2023-07-24,1086
2023-07-24,1077
2023-07-24,1101
2023-07-24,1108
2023-07-24,1102
2023-07-24,1101
2023-07-24,1089
2023-07-24,1096
2023-07-24,1094
2023-07-24,1103
2023-07-24,1091
2023-07-24,1094
2023-07-25,1080
2023-07-25,1077
2023-07-25,1084
2023-07-25,1078
2023-07-25,1069
2023-07-25,1079
2023-07-25,1072
2023-07-25,1079
2023-07-25,1089
2023-07-25,1095
2023-07-25,1087
2023-07-26,1057
2023-07-26,1047
2023-07-26,1054
2023-07-26,1063
2023-07-26,1054
2023-07-26,1063
2023-07-26,1071
2023-07-27,1081
2023-07-27,1074
2023-07-27,1059
2023-07-27,1051
2023-07-27,1086
2023-07-27,1068
2023-07-27,1065
2023-07-27,1075
2023-07-27,1067
2023-07-27,1057
2023-07-27,1086
2023-07-27,1059
2023-07-28,1092
2023-07-28,1084
2023-07-28,1093
2023-07-28,1100
2023-07-28,1093
2023-07-28,1084
2023-07-28,1090
2023-07-28,1098
2023-07-28,1105
2023-07-28,1110
2023-07-29,1066
2023-07-29,1082
2023-07-29,1091
2023-07-29,1073
2023-07-29,1103
2023-07-29,1100
2023-07-30,1100
2023-07-30,1097
2023-07-30,1090
2023-07-30,1091
2023-07-30,1074
2023-07-30,1073
2023-07-30,1082
2023-07-31,1077
2023-07-31,1096
2023-07-31,1109
2023-07-31,1111
2023-07-31,1104
2023-07-31,1111
2023-07-31,1103
2023-07-31,1086
2023-08-01,1101
2023-08-01,1085
2023-08-01,1085
2023-08-01,1097
2023-08-01,1060
2023-08-01,1065
2023-08-01,1092
2023-08-01,1081
2023-08-01,1082
2023-08-01,1088
2023-08-01,1097
2023-08-01,1088
2023-08-01,1073
2023-08-01,1091
2023-08-01,1097
2023-08-01,1092
2023-08-01,1085
2023-08-01,1091
2023-08-01,1085
2023-08-01,1094
2023-08-01,1090
2023-08-01,1077
2023-08-03,1069
2023-08-03,1063
2023-08-04,1066
2023-08-04,1076
2023-08-04,1084
2023-08-04,1094
2023-08-04,1079
2023-08-04,1087
2023-08-04,1080
2023-08-04,1057
2023-08-04,1087
2023-08-05,1088
2023-08-05,1105
2023-08-05,1103
2023-08-05,1097
2023-08-05,1095
2023-08-05,1088
2023-08-05,1097
2023-08-06,1081
2023-08-06,1074
2023-08-08,1074
2023-08-08,1084
2023-08-08,1077
2023-08-08,1067
2023-08-08,1058
2023-08-08,1059
2023-08-08,1036
2023-08-08,1059
2023-08-08,1052
2023-08-08,1043
2023-08-08,1045
2023-08-08,1053
2023-08-08,1051
2023-08-08,1053
2023-08-08,1059
2023-08-08,1050
2023-08-08,1061
2023-08-09,1049
2023-08-09,1061
2023-08-09,1054
2023-08-09,1035
2023-08-09,1041
2023-08-09,1047
2023-08-09,1054
2023-08-09,1061
2023-08-09,1054
2023-08-09,1055
2023-08-09,1042
2023-08-09,1060
2023-08-09,1050
2023-08-10,1058
2023-08-10,1076
2023-08-10,1069
2023-08-10,1067
2023-08-10,1069
2023-08-10,1076
2023-08-10,1067
2023-08-10,1060
2023-08-11,1022
2023-08-11,1057
2023-08-11,1049
2023-08-11,1042
2023-08-11,1049
2023-08-11,1056
2023-08-11,1028
2023-08-11,1029
2023-08-11,1065
2023-08-11,1045
2023-08-11,1050
2023-08-11,1058
2023-08-11,1065
2023-08-11,1057
2023-08-11,1064
2023-08-11,1073
2023-08-11,1039
2023-08-11,1073
2023-08-11,1063
2023-08-11,1074
2023-08-11,1065
2023-08-11,1057
2023-08-11,1056
2023-08-11,1054
2023-08-11,1047
2023-08-11,1056
2023-08-11,1051
2023-08-11,1044
2023-08-11,1035
2023-08-11,1050
2023-08-11,1044
2023-08-11,1056
2023-08-12,1037
2023-08-12,1028
2023-08-12,1035
2023-08-12,1038
2023-08-12,1045
2023-08-13,1028
2023-08-13,1018
2023-08-13,1026
2023-08-13,1015
2023-08-13,1009
2023-08-13,1003
2023-08-13,1013
2023-08-13,1019
2023-08-13,1021
2023-08-13,1019
2023-08-13,1026
2023-08-13,1031
2023-08-13,1041
2023-08-13,1033
2023-08-13,1043
2023-08-13,1028
2023-08-15,1034
2023-08-16,1061
2023-08-16,1070
2023-08-16,1079
2023-08-16,1089
2023-08-16,1090
2023-08-16,1096
2023-08-16,1086
2023-08-16,1089
2023-08-16,1088
2023-08-16,1078
2023-08-16,1054
2023-08-16,1098
2023-08-16,1062
2023-08-16,1093
2023-08-16,1047
2023-08-16,1041
2023-08-16,1050
2023-08-16,1041
2023-08-16,1041
2023-08-16,1048
2023-08-16,1042
2023-08-16,1035
2023-08-16,1035
2023-08-16,1034
2023-08-16,1025
2023-08-16,1074
2023-08-16,1083
2023-08-16,1053
2023-08-16,1044
2023-08-16,1084
2023-08-16,1077
2023-08-16,1081
2023-08-16,1087
2023-08-16,1069
2023-08-16,1077
2023-08-17,1071
2023-08-17,1070
2023-08-17,1078
2023-08-18,1078
2023-08-18,1072
2023-08-18,1064
2023-08-18,1055
2023-08-18,1046
2023-08-18,1056
2023-08-18,1049
2023-08-19,1050
2023-08-19,1040
2023-08-19,1046
2023-08-19,1054
2023-08-19,1062
2023-08-19,1052
2023-08-19,1060
2023-08-20,1041
2023-08-20,1035
2023-08-21,1027
2023-08-21,1035
2023-08-21,1028
2023-08-22,1019
2023-08-22,1027
2023-08-22,1018
2023-08-22,1009
2023-08-23,994
2023-08-23,998
2023-08-23,1004
2023-08-23,1007
2023-08-23,1008
2023-08-23,1016
2023-08-23,1010
2023-08-23,1015
2023-08-23,1005
2023-08-23,1014
2023-08-23,1000
2023-08-23,1023
2023-08-23,1009
2023-08-23,1000
2023-08-23,1008
2023-08-23,1004
2023-08-23,1013
2023-08-23,1004
2023-08-23,1003
2023-08-23,996
2023-08-23,1002
2023-08-23,1017
2023-08-23,999
2023-08-23,992
2023-08-23,998
2023-08-23,989
2023-08-23,983
2023-08-23,974
2023-08-23,964
2023-08-24,984
2023-08-24,966
2023-08-24,975
2023-08-25,1004
2023-08-25,997
2023-08-25,998
2023-08-25,991
2023-08-25,1013
2023-08-25,1005
2023-08-25,997
2023-08-25,990
2023-08-25,983
2023-08-25,1000
2023-08-25,991
2023-08-25,1007
2023-08-29,1010
2023-08-29,1003
2023-08-29,1002
2023-08-29,1002
2023-08-29,1000
2023-08-29,990
2023-08-29,1010
2023-08-29,1016
2023-08-29,1007
2023-08-29,1017
2023-08-29,1009
2023-08-29,994
2023-08-29,992
2023-08-29,993
2023-08-30,987
2023-08-30,978
2023-08-30,996
2023-08-30,988
2023-08-30,995
2023-08-30,987
2023-09-04,979
2023-09-06,990
2023-09-06,990
2023-09-06,993
2023-09-06,982
2023-09-06,984
2023-09-06,972
2023-09-06,981
2023-09-06,975
2023-09-06,983
2023-09-06,1001
2023-09-06,990
2023-09-06,1000
2023-09-07,997
2023-09-07,995
2023-09-07,1004
2023-09-07,996
2023-09-07,1005
2023-09-07,987
2023-09-09,1001
2023-09-09,993
2023-09-10,1006
2023-09-10,1007
2023-09-10,1015
2023-09-10,1015
2023-09-10,1023
2023-09-10,1014
2023-09-10,1006
2023-09-10,999
2023-09-10,990
2023-09-10,981
2023-09-10,970
2023-09-10,979
2023-09-11,970
2023-09-11,986
2023-09-11,967
2023-09-11,977
2023-09-11,976
2023-09-11,977
2023-09-11,980
2023-09-11,970
2023-09-11,979
2023-09-12,962
2023-09-12,970
2023-09-12,936
2023-09-12,945
2023-09-12,953
2023-09-12,960
2023-09-12,953
2023-09-13,916
2023-09-13,936
2023-09-13,944
2023-09-13,937
2023-09-13,931
2023-09-13,925
2023-09-14,907
2023-09-14,905
2023-09-14,898
2023-09-14,912
2023-09-14,903
2023-09-14,911
2023-09-14,916
2023-09-14,910
2023-09-14,903
2023-09-14,902
2023-09-14,894
2023-09-14,904
2023-09-14,898
2023-09-14,889
2023-09-14,897
2023-09-14,890
2023-09-14,905
2023-09-14,898
2023-09-14,909
2023-09-15,947
2023-09-15,945
2023-09-15,938
2023-09-15,938
2023-09-15,935
2023-09-15,944
2023-09-15,938
2023-09-15,927
2023-09-15,921
2023-09-17,954
2023-09-18,952
2023-09-18,944
2023-09-18,953
2023-09-18,960
2023-09-19,939
2023-09-19,961
2023-09-19,952
2023-09-19,961
2023-09-19,968
2023-09-19,963
2023-09-19,954
2023-09-19,946
2023-09-19,952
2023-09-20,929
2023-09-20,944
2023-09-20,936
2023-09-20,936
2023-09-21,932
2023-09-21,938
2023-09-21,947
2023-09-21,940
2023-09-21,937
2023-09-21,946
2023-09-21,944
2023-09-21,930
2023-09-22,913
2023-09-22,925
2023-09-22,932
2023-09-22,923
2023-09-22,913
2023-09-22,921
2023-09-22,906
2023-09-23,891
2023-09-23,893
2023-09-23,899
2023-09-23,907
2023-09-23,915
2023-09-23,898
2023-09-24,871
2023-09-24,865
2023-09-24,875
2023-09-24,869
2023-09-24,860
2023-09-24,863
2023-09-24,864
2023-09-24,871
2023-09-24,879
2023-09-24,870
2023-09-24,877
2023-09-24,884
2023-09-24,863
2023-09-24,872
2023-09-24,869
2023-09-24,864
2023-09-24,853
2023-09-24,846
2023-09-24,856
2023-09-25,864
2023-09-25,871
2023-09-26,906
2023-09-26,897
2023-09-26,912
2023-09-26,880
2023-09-26,886
2023-09-26,892
2023-09-26,899
2023-09-26,890
2023-09-26,899
2023-09-26,908
2023-09-26,898
2023-09-26,906
2023-09-26,933
2023-09-26,926
2023-09-26,922
2023-09-26,918
2023-09-26,924
2023-09-26,912
2023-09-27,926
2023-09-27,935
2023-09-27,943
2023-09-27,934
2023-09-28,934
2023-09-28,941
2023-09-28,949
2023-09-28,942
2023-09-28,934
2023-09-28,916
2023-09-28,925
2023-09-28,906
2023-09-28,896
2023-09-28,885
2023-09-28,879
2023-09-28,917
2023-09-28,935
2023-09-28,926
2023-09-28,921
2023-09-28,914
2023-09-28,921
2023-09-28,930
2023-09-28,926
2023-09-28,921
2023-09-28,930
2023-09-28,923
2023-09-28,928
2023-09-29,888
2023-09-30,878
2023-09-30,870
2023-09-30,879
2023-09-30,888
2023-09-30,895
2023-09-30,884
2023-09-30,876
2023-09-30,869
2023-09-30,868
2023-09-30,886
2023-09-30,877
2023-09-30,873
2023-09-30,863
2023-09-30,876
2023-10-01,867
2023-10-01,909
2023-10-01,925
2023-10-01,874
2023-10-01,880
2023-10-01,919
2023-10-01,887
2023-10-01,902
2023-10-01,893
2023-10-02,943
2023-10-02,933
2023-10-02,940
2023-10-02,954
2023-10-02,945
2023-10-02,952
2023-10-02,961
2023-10-02,971
2023-10-02,961
2023-10-02,969
2023-10-02,978
2023-10-02,947
2023-10-02,949
2023-10-02,962
2023-10-02,947
2023-10-02,954
2023-10-02,919
2023-10-02,927
2023-10-02,937
2023-10-02,971
2023-10-02,946
2023-10-02,954
2023-10-02,946
2023-10-02,938
2023-10-02,943
2023-10-02,952
2023-10-02,956
2023-10-02,963
2023-10-03,980
2023-10-03,963
2023-10-03,1008
2023-10-03,1000
2023-10-03,990
2023-10-03,988
2023-10-03,978
2023-10-03,985
2023-10-03,956
2023-10-03,987
2023-10-03,978
2023-10-03,971
2023-10-03,978
2023-10-03,971
2023-10-03,979
2023-10-04,1014
2023-10-05,999
2023-10-05,991
2023-10-05,998
2023-10-05,1004
2023-10-05,1010
2023-10-05,1000
2023-10-05,993
2023-10-05,1003
2023-10-05,983
2023-10-05,1004
2023-10-05,990
2023-10-05,980
2023-10-05,986
2023-10-05,1008
2023-10-05,986
2023-10-05,995
2023-10-05,995
2023-10-05,978
2023-10-05,1002
2023-10-05,1010
2023-10-06,1019
2023-10-06,1025
2023-10-06,1016
2023-10-06,1017
2023-10-06,1009
2023-10-06,999
2023-10-06,999
2023-10-06,992
2023-10-07,1035
2023-10-07,1029
2023-10-07,1035
2023-10-07,1027
2023-10-07,1028
2023-10-07,1043
2023-10-07,1053
2023-10-07,1059
2023-10-07,1069
2023-10-07,1061
2023-10-07,1051
2023-10-07,1037
2023-10-08,1021
2023-10-08,1029
2023-10-08,1038
2023-10-08,1028
2023-10-08,1019
2023-10-08,1046
2023-10-08,1059
2023-10-08,1004
2023-10-08,1022
2023-10-08,1050
2023-10-08,1058
2023-10-08,1050
2023-10-08,1059
2023-10-08,1050
2023-10-08,1044
2023-10-08,1037
2023-10-08,1046
2023-10-08,1036
2023-10-08,1035
2023-10-08,1028
2023-10-08,1020
2023-10-08,1010
2023-10-08,1052
2023-10-08,1014
2023-10-08,1028
2023-10-08,1043
2023-10-08,1052
2023-10-09,1044
2023-10-09,1063
2023-10-09,1073
2023-10-09,1063
2023-10-09,1062
2023-10-09,1070
2023-10-09,1060
2023-10-09,1038
2023-10-09,1034
2023-10-09,1028
2023-10-09,1066
2023-10-09,1055
2023-10-09,1051
2023-10-09,1046
2023-10-09,1058
2023-10-09,1048
2023-10-10,1042
2023-10-10,1049
2023-10-10,1042
2023-10-10,1052
2023-10-10,1045
2023-10-10,1058
2023-10-10,1044
2023-10-10,1051
2023-10-10,1036
2023-10-10,1053
2023-10-11,1077
2023-10-11,1069
2023-10-11,1063
2023-10-11,1065
2023-10-11,1055
2023-10-11,1050
2023-10-11,1094
2023-10-11,1092
2023-10-11,1099
2023-10-11,1089
2023-10-11,1097
2023-10-11,1088
2023-10-11,1087
2023-10-12,1077
2023-10-12,1085
2023-10-13,1069
2023-10-13,1085
2023-10-13,1078
2023-10-13,1070
2023-10-13,1079
2023-10-14,1078
2023-10-15,1089
2023-10-15,1081
2023-10-15,1088
2023-10-15,1097
2023-10-15,1017
2023-10-15,1005
2023-10-15,1011
2023-10-15,1020
2023-10-15,1026
2023-10-15,1034
2023-10-15,1041
2023-10-15,1033
2023-10-15,1041
2023-10-15,1011
2023-10-15,1061
2023-10-15,1089
2023-10-15,1087
2023-10-15,1050
2023-10-15,1056
2023-10-15,1063
2023-10-15,1069
2023-10-15,1061
2023-10-15,1054
2023-10-15,1063
2023-10-15,1070
2023-10-15,1079
2023-10-15,1062
2023-10-15,1066
2023-10-15,1074
2023-10-15,1083
2023-10-15,1075
2023-10-15,1083
2023-10-15,1090
2023-10-15,1080
2023-10-15,1004
2023-10-15,1072
2023-10-15,1011
2023-10-15,1051
2023-10-16,1038
2023-10-16,990
2023-10-16,1024
2023-10-16,1016
2023-10-16,1025
2023-10-16,1032
2023-10-16,1043
2023-10-16,999
2023-10-16,1029
2023-10-16,1020
2023-10-16,983
2023-10-16,1021
2023-10-16,1022
2023-10-16,1015
2023-10-16,1007
2023-10-16,998
2023-10-16,1005
2023-10-16,998
2023-10-16,990
2023-10-16,999
2023-10-16,1006
2023-10-16,1030
2023-10-16,1015
2023-10-16,990
2023-10-16,999
2023-10-16,999
2023-10-16,979
2023-10-16,1007
2023-10-16,997
2023-10-16,1006
2023-10-16,987
2023-10-17,1002
2023-10-17,1008
2023-10-17,1002
2023-10-17,993
2023-10-17,1001
2023-10-17,993
2023-10-17,992
2023-10-17,986
2023-10-17,1011
2023-10-17,1003
2023-10-17,994
2023-10-17,984
2023-10-17,993
2023-10-17,985
2023-10-17,995
2023-10-17,1005
2023-10-17,1011
2023-10-18,1001
2023-10-18,1002
2023-10-18,1010
2023-10-18,1004
2023-10-18,1012
2023-10-18,1017
2023-10-18,1008
2023-10-18,1014
2023-10-18,1008
2023-10-18,1009
2023-10-18,994
2023-10-18,1001
2023-10-18,1011
2023-10-18,1001
2023-10-18,1007
2023-10-18,1018
2023-10-18,1000
2023-10-18,1009
2023-10-19,1000
2023-10-19,1008
2023-10-19,992
2023-10-19,1006
2023-10-19,1015
2023-10-19,1016
2023-10-19,991
2023-10-19,1021
2023-10-19,1036
2023-10-19,1029
2023-10-19,1020
2023-10-19,1013
2023-10-19,1020
2023-10-19,1028
2023-10-19,999
2023-10-20,1014
2023-10-20,1006
2023-10-20,1035
2023-10-20,1031
2023-10-20,1041
2023-10-20,1033
2023-10-20,1022
2023-10-20,1008
2023-10-20,1004
2023-10-20,1014
2023-10-20,1014
2023-10-20,1008
2023-10-20,1014
2023-10-20,1021
2023-10-20,1030
2023-10-20,1042
2023-10-20,1014
2023-10-20,1014
2023-10-20,1010
2023-10-20,1018
2023-10-20,1025
2023-10-20,1002
2023-10-21,981
2023-10-21,1025
2023-10-21,1018
2023-10-21,1011
2023-10-21,1003
2023-10-21,996
2023-10-21,988
2023-10-21,971
2023-10-21,980
2023-10-21,985
2023-10-21,977
2023-10-21,987
2023-10-21,973
2023-10-21,994
2023-10-21,979
2023-10-21,985
2023-10-21,986
2023-10-22,987
2023-10-22,995
2023-10-22,993
2023-10-22,985
2023-10-22,976
2023-10-22,967
2023-10-22,975
2023-10-22,983
2023-10-22,973
2023-10-22,983
2023-10-22,958
2023-10-22,967
2023-10-22,979
2023-10-22,987
2023-10-23,974
2023-10-23,983
2023-10-23,973
2023-10-23,981
2023-10-23,967
2023-10-23,973
2023-10-23,964
2023-10-23,966
2023-10-23,972
2023-10-23,979
2023-10-24,991
2023-10-24,984
2023-10-24,989
2023-10-24,981
2023-10-24,993
2023-10-24,1010
2023-10-24,1001
2023-10-25,997
2023-10-25,1010
2023-10-25,1002
2023-10-25,1003
2023-10-26,1002
2023-10-26,995
2023-10-26,986
2023-10-26,977
2023-10-26,985
2023-10-26,975
2023-10-26,967
2023-10-26,975
2023-10-26,966
2023-10-26,966
2023-10-26,973
2023-10-27,977
2023-10-27,969
2023-10-27,978
2023-10-27,973
2023-10-27,965
2023-10-27,971
2023-10-27,962
2023-10-27,971
2023-10-27,965
2023-10-27,972
2023-10-27,979
2023-10-27,988
2023-10-27,996
2023-10-27,987
2023-10-27,971
2023-10-28,942
2023-10-28,949
2023-10-28,962
2023-10-28,951
2023-10-28,942
2023-10-29,959
2023-10-29,968
2023-10-29,962
2023-10-29,956
2023-10-29,950
2023-10-29,948
2023-10-29,941
2023-10-29,965
2023-10-30,973
2023-10-30,981
2023-10-30,989
2023-10-30,982
2023-10-31,955
2023-10-31,969
2023-10-31,978
2023-10-31,987
2023-10-31,979
2023-10-31,978
2023-10-31,963
2023-10-31,946
2023-10-31,956
2023-10-31,972
2023-10-31,963
2023-10-31,971
2023-10-31,970
2023-10-31,987
2023-10-31,997
2023-10-31,991
2023-10-31,1000
2023-10-31,993
2023-10-31,1000
2023-10-31,993
2023-10-31,978
2023-10-31,986
2023-10-31,1002
2023-10-31,1008
2023-10-31,1017
2023-10-31,1007
2023-10-31,997
2023-10-31,1005
2023-10-31,995
2023-11-01,967
2023-11-01,961
2023-11-01,955
2023-11-01,979
2023-11-01,972
2023-11-01,970
2023-11-01,970
2023-11-01,961
2023-11-01,962
2023-11-02,957
2023-11-02,967
2023-11-02,975
2023-11-02,981
2023-11-02,973
2023-11-02,966
2023-11-02,958
2023-11-02,951
2023-11-02,958
2023-11-03,965
2023-11-03,956
2023-11-03,965
2023-11-03,959
2023-11-03,952
2023-11-03,962
2023-11-03,968
2023-11-03,959
2023-11-03,946
2023-11-03,974
2023-11-03,980
2023-11-03,971
2023-11-03,963
2023-11-03,973
2023-11-03,980
2023-11-03,957
2023-11-03,965
2023-11-03,950
2023-11-04,977
2023-11-04,984
2023-11-04,976
2023-11-04,967
2023-11-04,974
2023-11-04,983
2023-11-04,975
2023-11-04,966
2023-11-04,971
2023-11-05,974
2023-11-05,984
2023-11-05,999
2023-11-05,991
2023-11-06,993
2023-11-06,994
2023-11-06,1003
2023-11-06,1010
2023-11-06,1009
2023-11-06,1000
2023-11-06,1011
2023-11-06,1004
2023-11-06,994
2023-11-06,1017
2023-11-07,988
2023-11-07,988
2023-11-07,1003
2023-11-07,994
2023-11-07,987
2023-11-07,979
2023-11-07,971
2023-11-07,980
2023-11-07,988
2023-11-07,994
2023-11-07,996
2023-11-07,979
2023-11-07,938
2023-11-07,972
2023-11-07,966
2023-11-07,961
2023-11-07,954
2023-11-07,947
2023-11-07,954
2023-11-07,946
2023-11-07,931
2023-11-07,920
2023-11-08,910
2023-11-08,902
2023-11-08,912
2023-11-08,927
2023-11-08,903
2023-11-08,912
2023-11-08,922
2023-11-08,927
2023-11-08,931
2023-11-08,919
2023-11-08,929
2023-11-08,918
2023-11-08,919
2023-11-09,931
2023-11-09,941
2023-11-09,914
2023-11-09,921
2023-11-09,910
2023-11-09,921
2023-11-10,925
2023-11-10,931
2023-11-10,937
2023-11-10,916
2023-11-10,924
2023-11-10,909
2023-11-10,931
2023-11-10,902
2023-11-11,918
2023-11-11,925
2023-11-11,916
2023-11-12,913
2023-11-12,907
2023-11-12,916
2023-11-12,920
2023-11-12,908
2023-11-12,917
2023-11-12,908
2023-11-13,917
2023-11-13,923
2023-11-13,909
2023-11-13,902
2023-11-13,909
2023-11-13,916
2023-11-13,910
2023-11-13,903
2023-11-13,909
2023-11-13,917
2023-11-13,923
2023-11-13,914
2023-11-13,910
2023-11-14,906
2023-11-14,912
2023-11-14,893
2023-11-14,900
2023-11-14,908
2023-11-14,914
2023-11-14,908
2023-11-14,901
2023-11-14,909
2023-11-14,886
2023-11-14,899
2023-11-14,898
2023-11-14,907
2023-11-14,901
2023-11-14,891
2023-11-14,897
2023-11-14,889
2023-11-14,879
2023-11-14,905
2023-11-14,894
2023-11-14,905
2023-11-14,900
2023-11-14,907
2023-11-14,914
2023-11-15,903
2023-11-15,893
2023-11-15,898
2023-11-15,888
2023-11-15,894
2023-11-15,884
2023-11-15,894
2023-11-15,902
2023-11-15,894
2023-11-15,886
2023-11-16,918
2023-11-16,914
2023-11-16,908
2023-11-16,899
2023-11-16,897
2023-11-16,887
2023-11-16,886
2023-11-16,927
2023-11-16,890
2023-11-16,893
2023-11-16,892
2023-11-16,918
2023-11-17,941
2023-11-17,931
2023-11-17,922
2023-11-18,944
2023-11-18,951
2023-11-18,940
2023-11-18,932
2023-11-18,926
2023-11-18,935
2023-11-19,909
2023-11-19,909
2023-11-19,910
2023-11-19,923
2023-11-19,930
2023-11-19,917
2023-11-19,901
2023-11-19,915
2023-11-20,909
2023-11-20,902
2023-11-20,918
2023-11-20,915
2023-11-20,921
2023-11-20,909
2023-11-20,903
2023-11-20,897
2023-11-20,904
2023-11-20,908
2023-11-20,912
2023-11-21,931
2023-11-21,909
2023-11-21,904
2023-11-21,907
2023-11-21,916
2023-11-21,925
2023-11-21,921
2023-11-21,913
2023-11-21,921
2023-11-21,931
2023-11-22,928
2023-11-22,920
2023-11-22,937
2023-11-22,928
2023-11-24,961
2023-11-24,961
2023-11-24,970
2023-11-24,968
2023-11-24,944
2023-11-24,951
2023-11-25,982
2023-11-25,980
2023-11-25,971
2023-11-25,974
2023-11-25,973
2023-11-25,979
2023-11-25,979
2023-11-26,994
2023-11-26,994
2023-11-26,976
2023-11-26,983
2023-11-26,990
2023-11-26,997
2023-11-26,1004
2023-11-26,987
2023-11-28,987
2023-11-28,984
2023-11-28,993
2023-11-28,986
2023-11-28,992
2023-11-29,953
2023-11-29,960
2023-11-29,952
2023-11-29,960
2023-11-29,960
2023-11-29,950
2023-11-29,977
2023-11-29,970
2023-11-29,979
2023-11-29,970
2023-11-30,933
2023-11-30,926
2023-11-30,934
2023-11-30,940
2023-11-30,933
2023-11-30,924
2023-11-30,944
2023-11-30,939
2023-11-30,946
2023-11-30,937
2023-11-30,935
2023-11-30,932
2023-11-30,942
2023-12-01,943
2023-12-01,937
2023-12-01,947
2023-12-01,937
2023-12-01,928
2023-12-01,956
2023-12-01,952
2023-12-01,962
2023-12-02,1008
2023-12-02,1005
2023-12-02,1015
2023-12-02,988
2023-12-02,967
2023-12-02,978
2023-12-02,998
2023-12-02,960
2023-12-03,1019
2023-12-03,1011
2023-12-04,1009
2023-12-04,1000
2023-12-04,1009
2023-12-04,999
2023-12-04,1006
2023-12-05,997
2023-12-06,1006
2023-12-06,998
2023-12-07,982
2023-12-07,992
2023-12-07,972
2023-12-07,976
2023-12-07,984
2023-12-07,976
2023-12-07,982
2023-12-07,984
2023-12-07,977
2023-12-07,983
2023-12-07,992
2023-12-07,993
2023-12-07,964
2023-12-07,954
2023-12-07,983
2023-12-08,962
2023-12-08,971
2023-12-08,962
2023-12-08,963
2023-12-08,972
2023-12-08,965
2023-12-08,955
2023-12-09,949
2023-12-09,951
2023-12-09,957
2023-12-09,961
2023-12-09,969
2023-12-09,961
2023-12-09,968
2023-12-09,970
2023-12-09,955
2023-12-09,942
2023-12-09,958
2023-12-09,950
2023-12-10,978
2023-12-10,972
2023-12-10,1005
2023-12-10,1013
2023-12-10,1004
2023-12-10,989
2023-12-10,980
2023-12-10,971
2023-12-10,997
2023-12-11,1008
2023-12-11,1031
2023-12-11,1024
2023-12-11,1015
2023-12-11,1039
2023-12-11,1014
2023-12-11,1013
2023-12-11,1014
2023-12-11,1007
2023-12-11,998
2023-12-11,990
2023-12-11,1007
2023-12-11,997
2023-12-12,1030
2023-12-12,1022
2023-12-12,1013
2023-12-12,1005
2023-12-13,996
2023-12-13,995
2023-12-13,989
2023-12-13,988
2023-12-13,971
2023-12-13,962
2023-12-13,952
2023-12-13,945
2023-12-13,951
2023-12-13,944
2023-12-13,936
2023-12-13,944
2023-12-13,938
2023-12-13,948
2023-12-13,955
2023-12-13,980
2023-12-14,952
2023-12-14,934
2023-12-14,935
2023-12-14,942
2023-12-14,931
2023-12-14,959
2023-12-14,937
2023-12-14,940
2023-12-14,945
2023-12-15,943
2023-12-15,941
2023-12-15,950
2023-12-15,942
2023-12-15,952
2023-12-15,942
2023-12-15,951
2023-12-16,936
2023-12-16,937
2023-12-16,947
2023-12-16,939
2023-12-17,929
2023-12-17,944
2023-12-17,938
2023-12-17,939
2023-12-17,933
2023-12-17,926
2023-12-17,935
2023-12-17,942
2023-12-17,934
2023-12-17,932
2023-12-18,972
2023-12-18,956
2023-12-18,964
2023-12-18,958
2023-12-18,963
2023-12-18,958
2023-12-18,948
2023-12-18,941
2023-12-18,935
2023-12-18,965
2023-12-19,979
2023-12-19,988
2023-12-19,978
2023-12-19,969
2023-12-19,977
2023-12-19,986
2023-12-19,996
2023-12-19,997
2023-12-19,1005
2023-12-19,997
2023-12-19,988
2023-12-20,999
2023-12-20,998
2023-12-20,1024
2023-12-20,1015
2023-12-20,1009
2023-12-20,1030
2023-12-20,991
2023-12-20,1048
2023-12-20,1038
2023-12-20,1038
2023-12-20,1047
2023-12-20,1037
2023-12-20,1045
2023-12-20,1000
2023-12-20,1005
2023-12-20,1046
2023-12-21,1038
2023-12-21,1011
2023-12-21,1019
2023-12-21,1028
2023-12-21,1021
2023-12-21,1031
2023-12-21,1037
2023-12-21,1045
2023-12-21,1052
2023-12-21,1037
2023-12-21,1045
2023-12-21,1054
2023-12-21,1045
2023-12-21,1029
2023-12-21,1045
2023-12-21,1053
2023-12-21,1060
2023-12-21,1052
2023-12-22,1001
2023-12-23,999
2023-12-23,1009
2023-12-23,989
2023-12-23,983
2023-12-23,990
2023-12-24,987
2023-12-24,975
2023-12-24,969
2023-12-24,984
2023-12-24,978
2023-12-24,983
2023-12-24,982
2023-12-24,982
2023-12-24,989
2023-12-24,978
2023-12-24,987
2023-12-24,996
2023-12-24,1002
2023-12-24,995
2023-12-24,991
2023-12-24,984
2023-12-25,994
2023-12-25,1011
2023-12-25,990
2023-12-25,999
2023-12-25,1005
2023-12-25,1020
2023-12-25,984
2023-12-25,1011
2023-12-25,999
2023-12-25,992
2023-12-25,1019
2023-12-25,991
2023-12-25,999
2023-12-25,991
2023-12-25,982
2023-12-25,975
2023-12-25,984
2023-12-25,974
2023-12-25,983
2023-12-25,1002
2023-12-25,982
2023-12-26,1020
2023-12-26,1012
2023-12-26,1002
2023-12-26,995
2023-12-26,1029
2023-12-26,1013
2023-12-26,1021
2023-12-26,1045
2023-12-26,1051
2023-12-26,1012
2023-12-26,1021
2023-12-26,1027
2023-12-26,1036
2023-12-26,1045
2023-12-26,1053
2023-12-26,1045
2023-12-26,1036
2023-12-27,966
2023-12-27,956
2023-12-27,956
2023-12-27,963
2023-12-27,956
2023-12-27,973
2023-12-27,967
2023-12-27,964
2023-12-27,972
2023-12-27,950
2023-12-27,981
2023-12-27,985
2023-12-27,975
2023-12-27,965
2023-12-27,959
2023-12-27,977
2023-12-27,984
2023-12-27,992
2023-12-28,1017
2023-12-28,1025
2023-12-28,1034
2023-12-28,1027
2023-12-28,1019
2023-12-28,1012
2023-12-28,1006
2023-12-28,1022
2023-12-28,1015
2023-12-28,1009
2023-12-28,1003
2023-12-28,994
2023-12-28,984
2023-12-28,971
2023-12-28,977
2023-12-28,968
2023-12-28,1015
2023-12-28,1014
2023-12-29,957
2023-12-29,998
2023-12-29,990
2023-12-29,998
2023-12-29,981
2023-12-29,1007
2023-12-29,1013
2023-12-29,1012
2023-12-29,1019
2023-12-29,1010
2023-12-29,988
2023-12-29,982
2023-12-29,973
2023-12-29,966
2023-12-29,980
2023-12-29,987
2023-12-30,976
2023-12-30,983
2023-12-30,977
2023-12-30,973
2023-12-30,966
2023-12-30,973
2023-12-30,974
2023-12-30,966
2023-12-30,974
2023-12-30,983
2023-12-30,977
2023-12-30,983
2023-12-30,958
2023-12-30,967
2023-12-30,958
2023-12-30,968
2023-12-30,964
2023-12-30,961
2023-12-30,952
2023-12-30,962
2023-12-30,954
2023-12-30,976
2023-12-30,950
2023-12-30,957
2023-12-30,967
2023-12-30,969
2023-12-31,952
2023-12-31,949
2023-12-31,956
2023-12-31,963
2023-12-31,970
2023-12-31,960
2023-12-31,945
2023-12-31,949
2023-12-31,962
2023-12-31,968
2023-12-31,969
2023-12-31,959
2023-12-31,955
2024-01-01,943
2024-01-01,949
2024-01-02,986
2024-01-02,940
2024-01-02,951
2024-01-02,978
2024-01-02,985
2024-01-02,977
2024-01-02,977
2024-01-02,968
2024-01-02,976
2024-01-02,983
2024-01-02,973
2024-01-02,984
2024-01-02,983
2024-01-02,971
2024-01-02,981
2024-01-02,971
2024-01-02,964
2024-01-02,956
2024-01-02,944
2024-01-02,935
2024-01-02,943
2024-01-02,963
2024-01-02,993
2024-01-02,991
2024-01-03,970
2024-01-03,932
2024-01-03,941
2024-01-03,926
2024-01-03,936
2024-01-03,943
2024-01-03,935
2024-01-03,945
2024-01-03,953
2024-01-03,947
2024-01-03,949
2024-01-03,955
2024-01-03,962
2024-01-03,971
2024-01-03,964
2024-01-03,972
2024-01-03,964
2024-01-04,942
2024-01-04,952
2024-01-04,938
2024-01-04,930
2024-01-04,923
2024-01-04,930
2024-01-04,933
2024-01-04,946
2024-01-04,958
2024-01-04,921
2024-01-04,923
2024-01-04,952
2024-01-04,956
2024-01-04,948
2024-01-04,940
2024-01-04,934
2024-01-05,1016
2024-01-05,1006
2024-01-05,944
2024-01-05,1001
2024-01-05,977
2024-01-05,938
2024-01-05,945
2024-01-05,992
2024-01-05,993
2024-01-05,1003
2024-01-05,995
2024-01-05,986
2024-01-05,961
2024-01-05,971
2024-01-05,961
2024-01-05,955
2024-01-05,935
2024-01-05,954
2024-01-06,1027
2024-01-06,1019
2024-01-06,1016
2024-01-06,1010
2024-01-06,1006
2024-01-07,1053
2024-01-07,1018
2024-01-07,1012
2024-01-07,1021
2024-01-07,1011
2024-01-07,1017
2024-01-07,1078
2024-01-07,1045
2024-01-07,1070
2024-01-07,1062
2024-01-07,1026
2024-01-07,1018
2024-01-07,1026
2024-01-07,1035
2024-01-07,1044
2024-01-07,1053
2024-01-08,1069
2024-01-08,1086
2024-01-08,1085
2024-01-08,1091
2024-01-08,1092
2024-01-08,1101
2024-01-08,1093
2024-01-08,1086
2024-01-08,1093
2024-01-08,1087
2024-01-08,1078
2024-01-09,1092
2024-01-09,1102
2024-01-09,1096
2024-01-09,1104
2024-01-09,1102
2024-01-09,1094
2024-01-09,1109
2024-01-09,1109
2024-01-09,1115
2024-01-09,1101
2024-01-09,1103
2024-01-09,1111
2024-01-09,1103
2024-01-09,1110
2024-01-09,1093
2024-01-09,1100
2024-01-10,1077
2024-01-10,1085
2024-01-10,1078
2024-01-10,1095
2024-01-10,1102
2024-01-10,1110
2024-01-10,1119
2024-01-10,1118
2024-01-10,1108
2024-01-10,1088
2024-01-11,1086
2024-01-11,1094
2024-01-11,1078
2024-01-11,1085
2024-01-11,1094
2024-01-11,1103
2024-01-11,1097
2024-01-11,1078
2024-01-11,1087
2024-01-11,1079
2024-01-11,1086
2024-01-11,1086
2024-01-12,1051
2024-01-12,1061
2024-01-12,1053
2024-01-12,1059
2024-01-12,1068
2024-01-12,1070
2024-01-12,1078
2024-01-12,1070
2024-01-12,1085
2024-01-12,1094
2024-01-12,1100
2024-01-12,1108
2024-01-12,1101
2024-01-12,1078
2024-01-12,1054
2024-01-12,1044
2024-01-12,1054
2024-01-13,1067
2024-01-13,1073
2024-01-13,1082
2024-01-13,1074
2024-01-13,1064
2024-01-13,1058
2024-01-13,1059
2024-01-14,1065
2024-01-14,1050
2024-01-14,1054
2024-01-14,1062
2024-01-14,1053
2024-01-14,1062
2024-01-14,1056
2024-01-14,1049
2024-01-14,1057
2024-01-14,1041
2024-01-15,1069
2024-01-15,1068
2024-01-15,1074
2024-01-15,1077
2024-01-15,1083
2024-01-15,1062
2024-01-15,1071
2024-01-15,1082
2024-01-15,1076
2024-01-15,1086
2024-01-15,1079
2024-01-15,1068
2024-01-15,1076
2024-01-15,1086
2024-01-15,1093
2024-01-15,1085
2024-01-16,1061
2024-01-16,1068
2024-01-16,1059
2024-01-16,1068
2024-01-16,1058
2024-01-16,1067
2024-01-16,1067
2024-01-16,1051
2024-01-16,1058
2024-01-17,1054
2024-01-17,1074
2024-01-17,1064
2024-01-17,1045
2024-01-17,1037
2024-01-18,1060
2024-01-18,1068
2024-01-18,1054
2024-01-18,1061
2024-01-18,1043
2024-01-18,1046
2024-01-18,1052
2024-01-19,1038
2024-01-19,1045
2024-01-20,1035
2024-01-20,1045
2024-01-20,1039
2024-01-20,1037
2024-01-20,1045
2024-01-20,1044
2024-01-21,1035
2024-01-22,1032
2024-01-22,1025
2024-01-22,1035
2024-01-22,1027
2024-01-23,1035
2024-01-23,1063
2024-01-23,1042
2024-01-23,1063
2024-01-23,1056
2024-01-23,1047
2024-01-23,1041
2024-01-23,1054
2024-01-24,1056
2024-01-24,1039
2024-01-24,1046
2024-01-24,1054
2024-01-24,1061
2024-01-24,1047
2024-01-25,1061
2024-01-25,1055
2024-01-25,1062
2024-01-26,1061
2024-01-26,1062
2024-01-26,1071
2024-01-26,1066
2024-01-27,1069
2024-01-27,1076
2024-01-28,1085
2024-01-28,1091
2024-01-28,1100
2024-01-28,1077
2024-01-29,1085
2024-01-29,1077
2024-01-29,1070
2024-01-29,1063
2024-01-29,1070
2024-01-29,1091
2024-01-30,1080
2024-01-30,1072
2024-01-30,1065
2024-01-31,1037
2024-01-31,1056
2024-01-31,1048
2024-01-31,1056
2024-01-31,1051
2024-01-31,1051
2024-01-31,1044
2024-01-31,1037
2024-02-01,1028
2024-02-01,1022
2024-02-01,1036
2024-02-01,1028
2024-02-02,1048
2024-02-02,1045
2024-02-02,1051
2024-02-02,1041
2024-02-03,1045
2024-02-03,1048
2024-02-03,1039
2024-02-03,1054
2024-02-04,1014
2024-02-04,1034
2024-02-04,1039
2024-02-04,1022
2024-02-04,1031
2024-02-04,1024
2024-02-04,1023
2024-02-04,1030
2024-02-05,1029
2024-02-05,1030
2024-02-05,1037
2024-02-05,1030
2024-02-05,1039
2024-02-05,1053
2024-02-05,1045
2024-02-05,1046
2024-02-05,1047
2024-02-05,1039
2024-02-05,1016
2024-02-05,1022
2024-02-05,1038
2024-02-06,1025
2024-02-06,1017
2024-02-06,1033
2024-02-07,1040
2024-02-07,1047
2024-02-07,1057
2024-02-08,1048
2024-02-08,1058
2024-02-08,1038
2024-02-08,1065
2024-02-09,1009
2024-02-09,1019
2024-02-09,1026
2024-02-09,1019
2024-02-09,1001
2024-02-09,1011
2024-02-09,1019
2024-02-09,1026
2024-02-09,1027
2024-02-09,1009
2024-02-09,1017
2024-02-09,1018
2024-02-10,1011
2024-02-10,1003
2024-02-10,993
2024-02-10,984
2024-02-10,975
2024-02-11,976
2024-02-11,993
2024-02-11,984
2024-02-11,983
2024-02-12,978
2024-02-12,984
2024-02-12,984
2024-02-12,978
2024-02-12,986
2024-02-12,976
2024-02-12,970
2024-02-12,974
2024-02-13,980
2024-02-13,971
2024-02-14,961
2024-02-14,952
2024-02-14,944
2024-02-14,952
2024-02-14,959
2024-02-14,950
2024-02-14,949
2024-02-14,941
2024-02-14,957
2024-02-15,904
2024-02-15,895
2024-02-15,925
2024-02-15,933
2024-02-15,912
2024-02-15,919
2024-02-16,901
2024-02-16,911
2024-02-16,905
2024-02-16,895
2024-02-16,894
2024-02-16,901
2024-02-16,895
2024-02-16,904
2024-02-17,896
2024-02-18,894
2024-02-18,894
2024-02-18,903
2024-02-19,900
2024-02-19,909
2024-02-20,901
2024-02-20,908
2024-02-20,900
2024-02-20,907
2024-02-20,915
2024-02-20,924
2024-02-20,930
2024-02-20,920
2024-02-20,930
2024-02-21,923
2024-02-21,930
2024-02-21,937
2024-02-21,929
2024-02-21,919
2024-02-21,926
2024-02-22,917
2024-02-22,908
2024-02-22,898
2024-02-22,905
2024-02-22,913
2024-02-22,904
2024-02-22,911
2024-02-22,918
2024-02-22,926
2024-02-23,941
2024-02-23,949
2024-02-23,942
2024-02-23,935
2024-02-23,943
2024-02-23,954
2024-02-23,950
2024-02-23,948
2024-02-24,956
2024-02-24,948
2024-02-24,942
2024-02-24,935
2024-02-24,944
2024-02-24,942
2024-02-24,957
2024-02-24,951
2024-02-24,942
2024-02-24,948
2024-02-24,949
2024-02-25,934
2024-02-25,925
2024-02-25,933
2024-02-25,941
2024-02-25,949
2024-02-25,941
2024-02-25,932
2024-02-26,934
2024-02-26,926
2024-02-26,925
2024-02-27,942
2024-02-27,951
2024-02-27,943
2024-02-27,935
2024-02-27,925
2024-02-27,911
2024-02-27,919
2024-02-27,905
2024-02-27,917
2024-02-28,898
2024-02-28,913
2024-02-28,907
2024-03-01,913
2024-03-01,904
2024-03-01,911
2024-03-01,918
2024-03-01,924
2024-03-01,916
2024-03-01,906
2024-03-02,908
2024-03-03,917
2024-03-03,923
2024-03-03,930
2024-03-03,928
2024-03-03,921
2024-03-04,936
2024-03-04,933
2024-03-04,928
2024-03-04,937
2024-03-04,926
2024-03-05,946
2024-03-06,956
2024-03-06,951
2024-03-06,950
2024-03-06,957
2024-03-06,948
2024-03-06,956
2024-03-06,944
2024-03-06,941
2024-03-06,952
2024-03-06,948
2024-03-07,962
2024-03-07,961
2024-03-07,970
2024-03-08,967
2024-03-08,961
2024-03-08,968
2024-03-09,944
2024-03-09,952
2024-03-09,959
2024-03-09,949
2024-03-09,952
2024-03-09,945
2024-03-09,954
2024-03-09,953
2024-03-10,939
2024-03-10,931
2024-03-11,968
2024-03-11,968
2024-03-11,976
2024-03-11,975
2024-03-11,961
2024-03-11,952
2024-03-11,944
2024-03-11,953
2024-03-11,961
2024-03-11,959
2024-03-11,951
2024-03-11,940
2024-03-11,949
2024-03-12,967
2024-03-12,975
2024-03-12,957
2024-03-13,978
2024-03-13,956
2024-03-13,956
2024-03-13,950
2024-03-13,987
2024-03-13,958
2024-03-13,952
2024-03-13,965
2024-03-13,1001
2024-03-13,995
2024-03-13,994
2024-03-13,971
2024-03-13,952
2024-03-13,962
2024-03-13,963
2024-03-13,959
2024-03-14,1024
2024-03-14,1030
2024-03-14,1036
2024-03-14,1011
2024-03-14,1031
2024-03-14,1003
2024-03-14,1028
2024-03-14,1021
2024-03-14,1010
2024-03-14,1002
2024-03-14,1020
2024-03-14,1014
2024-03-15,1025
2024-03-16,1016
2024-03-16,1014
2024-03-16,1012
2024-03-16,1010
2024-03-16,1044
2024-03-16,1007
2024-03-16,1009
2024-03-16,1008
2024-03-16,1006
2024-03-16,1004
2024-03-16,1002
2024-03-16,1017
2024-03-17,983
2024-03-17,977
2024-03-17,981
2024-03-17,989
2024-03-17,996
2024-03-17,994
2024-03-17,973
2024-03-17,989
2024-03-17,987
2024-03-17,1002
2024-03-18,965
2024-03-19,964
2024-03-19,972
2024-03-19,963
2024-03-19,973
2024-03-20,940
2024-03-20,946
2024-03-20,950
2024-03-20,947
2024-03-20,956
2024-03-20,948
2024-03-20,956
2024-03-20,948
2024-03-20,939
2024-03-20,957
2024-03-21,929
2024-03-21,936
2024-03-21,942
2024-03-21,943
2024-03-21,921
2024-03-21,929
2024-03-21,936
2024-03-21,944
2024-03-21,935
2024-03-21,927
2024-03-21,918
2024-03-21,928
2024-03-21,934
2024-03-21,937
2024-03-21,929
2024-03-24,947
2024-03-24,938
2024-03-24,960
2024-03-24,954
2024-03-24,962
2024-03-24,953
2024-03-24,961
2024-03-25,954
2024-03-25,943
2024-03-25,954
2024-03-25,948
2024-03-26,959
2024-03-26,951
2024-03-26,970
2024-03-26,963
2024-03-26,973
2024-03-26,964
2024-03-26,955
2024-03-26,961
2024-03-27,944
2024-03-27,951
2024-03-28,942
2024-03-28,948
2024-03-28,934
2024-03-28,942
2024-03-28,949
2024-03-28,943
2024-03-28,951
2024-03-28,958
2024-03-29,966
2024-03-29,958
2024-03-29,955
2024-03-29,963
2024-03-29,965
2024-03-30,955
2024-03-30,965
2024-03-30,964
2024-03-30,954
2024-03-30,946
2024-03-30,940
2024-03-30,932
2024-03-30,940
2024-03-30,948
2024-03-30,930
2024-03-30,938
2024-03-31,937
2024-03-31,931
2024-03-31,923
2024-03-31,917
2024-03-31,908
2024-03-31,917
2024-03-31,926
2024-03-31,944
2024-03-31,952
2024-03-31,935
2024-04-01,947
2024-04-01,939
2024-04-01,945
2024-04-01,953
2024-04-01,959
2024-04-01,952
2024-04-01,961
2024-04-01,952
2024-04-01,946
2024-04-01,955
2024-04-01,941
2024-04-02,949
2024-04-02,957
2024-04-02,954
2024-04-02,963
2024-04-03,945
2024-04-03,936
2024-04-03,929
2024-04-03,936
2024-04-04,941
2024-04-04,942
2024-04-04,934
2024-04-04,933
2024-04-04,941
2024-04-04,950
2024-04-04,960
2024-04-04,968
2024-04-04,949
2024-04-05,959
2024-04-05,976
2024-04-05,968
2024-04-06,969
2024-04-06,979
2024-04-07,978
2024-04-07,971
2024-04-07,979
2024-04-07,986
2024-04-07,995
2024-04-07,1001
2024-04-07,993
2024-04-07,983
2024-04-07,984
2024-04-07,962
2024-04-07,974
2024-04-07,978
2024-04-07,988
2024-04-07,980
2024-04-07,987
2024-04-07,991
2024-04-07,952
2024-04-07,968
2024-04-07,936
2024-04-07,943
2024-04-07,944
2024-04-08,978
2024-04-08,971
2024-04-08,961
2024-04-08,951
2024-04-08,960
2024-04-08,953
2024-04-08,961
2024-04-08,952
2024-04-08,951
2024-04-08,985
2024-04-08,941
2024-04-08,935
2024-04-08,943
2024-04-08,935
2024-04-08,942
2024-04-08,935
2024-04-08,925
2024-04-08,994
2024-04-08,934
2024-04-09,990
2024-04-09,989
2024-04-09,1006
2024-04-09,1013
2024-04-09,1019
2024-04-09,983
2024-04-09,996
2024-04-09,1019
2024-04-09,1012
2024-04-09,1003
2024-04-09,1010
2024-04-10,985
2024-04-10,978
2024-04-10,986
2024-04-10,997
2024-04-10,988
2024-04-10,982
2024-04-10,988
2024-04-10,977
2024-04-11,983
2024-04-11,991
2024-04-11,997
2024-04-11,988
2024-04-11,977
2024-04-11,976
2024-04-11,983
2024-04-11,975
2024-04-13,991
2024-04-13,988
2024-04-13,981
2024-04-13,1000
2024-04-13,994
2024-04-14,971
2024-04-14,969
2024-04-14,961
2024-04-14,971
2024-04-14,979
2024-04-14,959
2024-04-15,984
2024-04-15,975
2024-04-15,984
2024-04-15,953
2024-04-15,946
2024-04-15,953
2024-04-15,963
2024-04-15,991
2024-04-15,960
2024-04-15,966
2024-04-15,954
2024-04-16,976
2024-04-16,983
2024-04-16,993
2024-04-17,997
2024-04-17,990
2024-04-17,982
2024-04-17,976
2024-04-17,987
2024-04-18,962
2024-04-18,961
2024-04-18,955
2024-04-18,963
2024-04-18,970
2024-04-18,973
2024-04-18,969
2024-04-18,979
2024-04-18,980
2024-04-18,976
2024-04-18,952
2024-04-18,988
2024-04-19,960
2024-04-19,970
2024-04-19,964
2024-04-19,971
2024-04-19,964
2024-04-19,970
2024-04-19,961
2024-04-20,969
2024-04-20,964
2024-04-20,972
2024-04-20,978
2024-04-20,985
2024-04-20,978
2024-04-20,988
2024-04-20,980
2024-04-20,974
2024-04-21,989
2024-04-21,983
2024-04-21,974
2024-04-21,967
2024-04-21,975
2024-04-21,981
2024-04-21,972
2024-04-21,988
2024-04-21,973
2024-04-21,963
2024-04-21,976
2024-04-21,984
2024-04-21,979
2024-04-21,988
2024-04-21,982
2024-04-21,982
2024-04-21,970
2024-04-22,1023
2024-04-22,1014
2024-04-22,998
2024-04-22,1021
2024-04-22,1015
2024-04-22,1007
2024-04-22,1000
2024-04-22,991
2024-04-22,998
2024-04-22,1004
2024-04-22,996
2024-04-22,1005
2024-04-22,1013
2024-04-22,1006
2024-04-22,996
2024-04-22,1016
2024-04-22,1008
2024-04-23,978
2024-04-23,988
2024-04-23,970
2024-04-23,977
2024-04-23,984
2024-04-23,986
2024-04-23,993
2024-04-23,1001
2024-04-23,991
2024-04-24,1002
2024-04-24,996
2024-04-24,986
2024-04-24,987
2024-04-24,989
2024-04-24,983
2024-04-24,979
2024-04-24,980
2024-04-24,973
2024-04-24,977
2024-04-24,973
2024-04-24,983
2024-04-24,991
2024-04-24,964
2024-04-25,995
2024-04-25,987
2024-04-25,973
2024-04-25,966
2024-04-25,975
2024-04-25,969
2024-04-25,962
2024-04-25,969
2024-04-25,960
2024-04-25,980
2024-04-25,960
2024-04-26,952
2024-04-26,944
2024-04-26,935
2024-04-26,942
2024-04-26,949
2024-04-26,941
2024-04-26,930
2024-04-26,938
2024-04-27,928
2024-04-27,923
2024-04-27,927
2024-04-28,932
2024-04-28,948
2024-04-28,937
2024-04-28,944
2024-04-28,932
2024-04-28,938
2024-04-28,936
2024-04-28,942
2024-04-28,941
2024-04-28,927
2024-04-28,921
2024-04-28,943
2024-04-29,942
2024-04-29,935
2024-04-29,928
2024-04-29,936
2024-04-29,927
2024-04-29,943
2024-04-29,933
2024-04-29,952
2024-04-29,960
2024-04-29,950
2024-04-29,950
2024-04-29,942
2024-04-29,946
2024-04-30,921
2024-04-30,950
2024-04-30,957
2024-04-30,947
2024-04-30,954
2024-04-30,944
2024-04-30,913
2024-04-30,935
2024-04-30,929
2024-05-01,920
2024-05-01,891
2024-05-01,912
2024-05-01,901
2024-05-01,882
2024-05-02,889
2024-05-02,899
2024-05-02,904
2024-05-02,913
2024-05-02,907
2024-05-02,912
2024-05-03,911
2024-05-03,902
2024-05-04,912
2024-05-05,905
2024-05-05,914
2024-05-05,926
2024-05-05,937
2024-05-05,948
2024-05-05,954
2024-05-05,960
2024-05-06,951
2024-05-06,943
2024-05-06,953
2024-05-06,961
2024-05-06,972
2024-05-07,979
2024-05-07,969
2024-05-07,978
2024-05-08,986
2024-05-08,976
2024-05-08,969
2024-05-08,976
2024-05-09,984
2024-05-10,992
2024-05-10,982
2024-05-11,973
2024-05-12,978
2024-05-12,988
2024-05-12,985
2024-05-12,994
2024-05-12,996
2024-05-12,989
2024-05-12,981
2024-05-12,1005
2024-05-13,981
2024-05-13,990
2024-05-13,984
2024-05-13,992
2024-05-13,991
2024-05-13,982
2024-05-13,971
2024-05-13,982
2024-05-14,990
2024-05-14,997
2024-05-15,1014
2024-05-15,1011
2024-05-15,1018
2024-05-15,1003
2024-05-15,1005
2024-05-15,1008
2024-05-15,1017
2024-05-16,1007
2024-05-16,1016
2024-05-16,1006
2024-05-16,1017
2024-05-16,1009
2024-05-16,999
2024-05-16,992
2024-05-16,1001
2024-05-16,1001
2024-05-16,1010
2024-05-16,1018
2024-05-16,1027
2024-05-16,1018
2024-05-18,1006
2024-05-18,1035
2024-05-18,1029
2024-05-18,1036
2024-05-18,1046
2024-05-18,1056
2024-05-18,1015
2024-05-18,1028
2024-05-18,1023
2024-05-19,1036
2024-05-19,1044
2024-05-19,1051
2024-05-19,1044
2024-05-19,1052
2024-05-19,1043
2024-05-19,1059
2024-05-19,1065
2024-05-19,1060
2024-05-19,1055
2024-05-19,1063
2024-05-19,1069
2024-05-19,1050
2024-05-19,1059
2024-05-19,1068
2024-05-19,1058
2024-05-19,1064
2024-05-19,1071
2024-05-19,1065
2024-05-19,1053
2024-05-19,1052
2024-05-20,1087
2024-05-20,1079
2024-05-20,1072
2024-05-20,1063
2024-05-20,1069
2024-05-20,1061
2024-05-20,1097
2024-05-20,1044
2024-05-20,1061
2024-05-20,949
2024-05-20,973
2024-05-20,1054
2024-05-20,1097
2024-05-20,1052
2024-05-20,1106
2024-05-21,1089
2024-05-21,1073
2024-05-21,1067
2024-05-21,1076
2024-05-21,1068
2024-05-21,1060
2024-05-21,1069
2024-05-21,1070
2024-05-21,1081
2024-05-21,1079
2024-05-22,1094
2024-05-22,1086
2024-05-22,1078
2024-05-22,1088
2024-05-22,1098
2024-05-22,1092
2024-05-22,1084
2024-05-22,1076
2024-05-22,1068
2024-05-22,1060
2024-05-23,1076
2024-05-23,1078
2024-05-23,1070
2024-05-23,1079
2024-05-23,1087
2024-05-23,1095
2024-05-23,1076
2024-05-23,1086
2024-05-23,1086
2024-05-23,1076
2024-05-23,1068
2024-05-23,1076
2024-05-23,1076
2024-05-23,1084
2024-05-23,1068
2024-05-24,1044
2024-05-24,1052
2024-05-24,1061
2024-05-24,1053
2024-05-24,1053
2024-05-24,1051
2024-05-24,1069
2024-05-24,1060
2024-05-24,1068
2024-05-24,1060
2024-05-24,1061
2024-05-24,1068
2024-05-24,1068
2024-05-25,1036
2024-05-25,1043
2024-05-25,1035
2024-05-25,1027
2024-05-25,1043
2024-05-25,1034
2024-05-26,1041
2024-05-26,1033
2024-05-26,1042
2024-05-26,1034
2024-05-26,1050
2024-05-26,1058
2024-05-26,1042
2024-05-27,1061
2024-05-27,1075
2024-05-27,1067
2024-05-27,1059
2024-05-27,1068
2024-05-27,1051
2024-05-27,1060
2024-05-27,1052
2024-05-27,1068
2024-05-27,1067
2024-05-27,1067
2024-05-27,1059
2024-05-27,1059
2024-05-27,1066
2024-05-27,1074
2024-05-27,1067
2024-05-27,1059
2024-05-27,1051
2024-05-27,1059
2024-05-27,1060
2024-05-27,1051
2024-05-28,1026
2024-05-28,1051
2024-05-28,1027
2024-05-28,1035
2024-05-28,1027
2024-05-28,1035
2024-05-28,1042
2024-05-28,1035
2024-05-28,1043
2024-05-28,1042
2024-05-28,1050
2024-05-28,1042
2024-05-28,1034
2024-05-29,1032
2024-05-29,1045
2024-05-29,1037
2024-05-29,1029
2024-05-29,1021
2024-05-29,1014
2024-05-29,1023
2024-05-29,1037
2024-05-29,1025
2024-05-29,1034
2024-05-29,1042
2024-05-29,1038
2024-05-29,1029
2024-05-29,1028
2024-05-29,1019
2024-05-30,1034
2024-05-30,1043
2024-05-30,1051
2024-05-30,1058
2024-05-30,1065
2024-05-30,1073
2024-05-30,1065
2024-05-30,1058
2024-05-30,1066
2024-05-30,1035
2024-05-30,1027
2024-05-31,1048
2024-05-31,1058
2024-05-31,1066
2024-05-31,1058
2024-06-01,1056
2024-06-01,1049
2024-06-02,1057
2024-06-02,1048
2024-06-02,1056
2024-06-02,1048
2024-06-02,1056
2024-06-04,1065
2024-06-04,1048
2024-06-04,1056
2024-06-05,1072
2024-06-05,1064
2024-06-05,1056
2024-06-05,1047
2024-06-05,1061
2024-06-05,1053
2024-06-05,1054
2024-06-06,1053
2024-06-07,1043
2024-06-07,1045
2024-06-07,1037
2024-06-07,1045
2024-06-07,1052
2024-06-08,1035
2024-06-08,1035
2024-06-08,1043
2024-06-09,1042
2024-06-09,1042
2024-06-09,1042
2024-06-09,1049
2024-06-09,1057
2024-06-09,1050
2024-06-09,1042
2024-06-09,1034
2024-06-09,1042
2024-06-09,1050
2024-06-09,1058
2024-06-09,1050
2024-06-10,1067
2024-06-10,1068
2024-06-10,1059
2024-06-10,1059
2024-06-11,1003
2024-06-11,1027
2024-06-11,1035
2024-06-11,1043
2024-06-11,1051
2024-06-11,1044
2024-06-11,1051
2024-06-11,1043
2024-06-11,1051
2024-06-11,1019
2024-06-11,1011
2024-06-11,1060
2024-06-12,1024
2024-06-12,1008
2024-06-12,1002
2024-06-12,994
2024-06-12,1016
2024-06-12,1008
2024-06-12,1016
2024-06-13,984
2024-06-13,993
2024-06-13,985
2024-06-13,993
2024-06-13,985
2024-06-13,993
2024-06-13,1001
2024-06-13,1009
2024-06-13,1001
2024-06-14,992
2024-06-14,1001
2024-06-14,993
2024-06-14,1009
2024-06-14,1001
2024-06-14,1001
2024-06-14,1001
2024-06-14,1002
2024-06-14,1009
2024-06-15,1010
2024-06-15,1001
2024-06-15,1009
2024-06-15,1018
2024-06-15,1011
2024-06-15,1003
2024-06-15,995
2024-06-15,988
2024-06-17,1036
2024-06-17,1028
2024-06-17,1037
2024-06-17,1029
2024-06-17,1022
2024-06-17,1028
2024-06-17,1014
2024-06-17,1014
2024-06-17,1006
2024-06-17,996
2024-06-17,988
2024-06-17,980
2024-06-18,1044
2024-06-18,1067
2024-06-18,1074
2024-06-18,1066
2024-06-18,1057
2024-06-18,1052
2024-06-18,1060
2024-06-18,1036
2024-06-19,1080
2024-06-19,1071
2024-06-19,1080
2024-06-19,1088
2024-06-19,1080
2024-06-19,1072
2024-06-19,1072
2024-06-19,1064
2024-06-19,1064
2024-06-19,1072
2024-06-20,1065
2024-06-20,1073
2024-06-20,1081
2024-06-21,1101
2024-06-21,1096
2024-06-21,1093
2024-06-21,1088
2024-06-22,1098
2024-06-22,1091
2024-06-22,1092
2024-06-22,1106
2024-06-22,1083
2024-06-23,1116
2024-06-23,1111
2024-06-23,1118
2024-06-23,1111
2024-06-23,1121
2024-06-23,1113
2024-06-23,1122
2024-06-23,1108
2024-06-23,1100
2024-06-23,1119
2024-06-23,1108
2024-06-24,1143
2024-06-24,1119
2024-06-24,1128
2024-06-24,1135
2024-06-24,1132
2024-06-24,1140
2024-06-24,1133
2024-06-25,1146
2024-06-25,1140
2024-06-25,1130
2024-06-25,1140
2024-06-25,1147
2024-06-26,1155
2024-06-27,1143
2024-06-27,1152
2024-06-27,1152
2024-06-27,1161
2024-06-27,1167
2024-06-27,1174
2024-06-27,1167
2024-06-27,1159
2024-06-27,1162
2024-06-27,1154
2024-06-28,1175
2024-06-28,1183
2024-06-28,1175
2024-06-28,1166
2024-06-28,1176
2024-06-28,1177
2024-06-29,1213
2024-06-29,1205
2024-06-29,1196
2024-06-29,1169
2024-06-29,1190
2024-06-29,1184
2024-06-29,1177
2024-06-30,1236
2024-06-30,1210
2024-06-30,1218
2024-06-30,1227
2024-06-30,1220
2024-06-30,1220
2024-06-30,1221
2024-06-30,1229
2024-06-30,1212
2024-06-30,1205
2024-07-01,1204
2024-07-01,1210
2024-07-01,1216
2024-07-02,1212
2024-07-03,1212
2024-07-03,1206
2024-07-03,1213
2024-07-03,1229
2024-07-03,1221
2024-07-03,1222
2024-07-04,1237
2024-07-04,1229
2024-07-04,1220
2024-07-04,1219
2024-07-04,1210
2024-07-04,1201
2024-07-04,1191
2024-07-08,1185
2024-07-10,1189
2024-07-10,1183
2024-07-10,1176
2024-07-10,1201
2024-07-10,1206
2024-07-10,1216
2024-07-10,1195
2024-07-11,1193
2024-07-11,1207
2024-07-11,1202
2024-07-11,1212
2024-07-12,1207
2024-07-12,1201
2024-07-13,1214
2024-07-15,1209
2024-07-16,1227
2024-07-16,1216
2024-07-16,1208
2024-07-16,1202
2024-07-16,1208
2024-07-16,1218
2024-07-16,1216
2024-07-17,1235
2024-07-17,1208
2024-07-17,1218
2024-07-17,1226
2024-07-17,1218
2024-07-17,1226
2024-07-17,1218
2024-07-17,1227
2024-07-17,1241
2024-07-18,1229
2024-07-18,1239
2024-07-18,1230
2024-07-18,1222
2024-07-18,1249
2024-07-19,1221
2024-07-20,1223
2024-07-20,1216
2024-07-20,1226
2024-07-20,1217
2024-07-20,1229
2024-07-21,1212
2024-07-21,1204
2024-07-21,1211
2024-07-22,1252
2024-07-22,1206
2024-07-22,1213
2024-07-22,1223
2024-07-22,1233
2024-07-22,1242
2024-07-23,1284
2024-07-23,1273
2024-07-23,1267
2024-07-23,1275
2024-07-23,1284
2024-07-23,1262
2024-07-23,1254
2024-07-23,1263
2024-07-23,1292
2024-07-24,1275
2024-07-24,1281
2024-07-24,1287
2024-07-24,1293
2024-07-25,1282
2024-07-25,1300
2024-07-25,1291
2024-07-26,1307
2024-07-26,1290
2024-07-26,1299
2024-07-26,1300
2024-07-26,1280
2024-07-27,1271
2024-07-27,1262
2024-07-27,1271
2024-07-27,1262
2024-07-28,1271
2024-07-28,1261
2024-07-28,1251
2024-07-29,1258
2024-07-29,1250
2024-07-29,1240
2024-07-29,1247
2024-07-30,1222
2024-07-30,1222
2024-07-30,1237
2024-07-30,1218
2024-07-30,1212
2024-07-30,1202
2024-07-30,1209
2024-07-30,1203
2024-07-30,1211
2024-07-30,1230
2024-07-30,1227
2024-07-30,1226
2024-07-30,1220
2024-07-31,1235
2024-07-31,1243
2024-08-01,1224
2024-08-01,1235
2024-08-01,1228
2024-08-01,1234
2024-08-01,1241
2024-08-01,1233
2024-08-02,1243
2024-08-03,1236
2024-08-03,1229
2024-08-03,1219
2024-08-04,1224
2024-08-05,1227
2024-08-05,1225
2024-08-05,1224
2024-08-05,1214
2024-08-05,1206
2024-08-05,1233
2024-08-05,1208
2024-08-05,1216
2024-08-05,1232
2024-08-05,1218
2024-08-06,1216
2024-08-06,1207
2024-08-08,1209
2024-08-08,1217
2024-08-09,1200
2024-08-10,1213
2024-08-10,1204
2024-08-10,1211
2024-08-10,1204
2024-08-10,1207
2024-08-11,1207
2024-08-11,1214
2024-08-11,1221
2024-08-11,1229
2024-08-11,1223
2024-08-11,1227
2024-08-11,1221
2024-08-11,1214
2024-08-11,1221
2024-08-12,1196
2024-08-13,1191
2024-08-13,1200
2024-08-13,1191
2024-08-13,1192
2024-08-13,1201
2024-08-13,1194
2024-08-14,1208
2024-08-14,1197
2024-08-14,1187
2024-08-14,1203
2024-08-14,1195
2024-08-14,1201
2024-08-14,1210
2024-08-14,1196
2024-08-15,1199
2024-08-15,1199
